nuts3,tourist_nights
BE100,7127123.000000
BE211,2932321.000000
BE212,449033.000000
BE213,1978796.000000
BE223,729821.000000
BE224,1139157.000000
BE225,3266661.000000
BE231,276994.000000
BE232,85596.000000
BE233,100741.000000
BE234,1933798.000000
BE235,314226.000000
BE236,338989.000000
BE241,1450119.000000
BE242,896910.000000
BE251,3949859.000000
BE252,190162.000000
BE253,771787.000000
BE254,372068.000000
BE255,3420786.000000
BE256,145165.000000
BE257,70740.000000
BE258,3229124.000000
BE310,552952.000000
BE323,237017.000000
BE328,137665.000000
BE329,103896.000000
BE32A,107868.000000
BE32B,362424.000000
BE32C,30041.000000
BE32D,420897.000000
BE331,189052.000000
BE332,847290.000000
BE334,39171.000000
BE335,1204626.000000
BE336,540437.000000
BE341,148537.000000
BE342,980657.000000
BE343,1001564.000000
BE344,808824.000000
BE345,244886.000000
BE351,987358.000000
BE352,424264.000000
BE353,157200.000000
BG311,71534.000000
BG312,94955.000000
BG313,110879.000000
BG314,156893.000000
BG315,306785.000000
BG321,329257.000000
BG322,209144.000000
BG323,200543.000000
BG324,47807.000000
BG325,42780.000000
BG331,4565334.000000
BG332,1600030.000000
BG333,77034.000000
BG334,36545.000000
BG341,9636004.000000
BG342,100094.000000
BG343,48300.000000
BG344,636963.000000
BG411,2185868.000000
BG412,658259.000000
BG413,1800095.000000
BG414,47684.000000
BG415,247772.000000
BG421,1370231.000000
BG422,215209.000000
BG423,1131944.000000
BG424,813518.000000
BG425,123585.000000
CZ010,16861664.000000
CZ020,3040227.000000
CZ031,4463108.000000
CZ032,2236289.000000
CZ041,5094415.000000
CZ042,1610225.000000
CZ051,3349977.000000
CZ052,4619842.000000
CZ053,1407432.000000
CZ063,1567711.000000
CZ064,4236998.000000
CZ071,2350502.000000
CZ072,2265857.000000
CZ080,2738224.000000
DK011,11509899.000000
DK012,840876.000000
DK013,1314020.000000
DK014,844788.000000
DK021,434744.000000
DK022,2846631.000000
DK031,2755891.000000
DK032,7695834.000000
DK041,2182258.000000
DK042,3651433.000000
DK050,4869732.000000
DE111,4021458.000000
DE113,1352154.000000
DE114,468590.000000
DE115,1018720.000000
DE116,648260.000000
DE117,476030.000000
DE118,846428.000000
DE119,382150.000000
DE11A,591154.000000
DE11B,640770.000000
DE11C,235636.000000
DE11D,736032.000000
DE123,703572.000000
DE128,1260094.000000
DE129,245586.000000
DE12A,924801.000000
DE12B,214461.000000
DE12C,1358397.000000
DE131,2072357.000000
DE132,3910401.000000
DE133,682223.000000
DE134,4151887.000000
DE139,1277404.000000
DE142,433714.000000
DE144,836832.000000
DE145,586963.000000
DE146,499343.000000
DE149,470527.000000
DE211,646797.000000
DE212,18605034.000000
DE213,323625.000000
DE214,299183.000000
DE215,2517122.000000
DE216,979071.000000
DE217,474157.000000
DE218,404095.000000
DE219,787140.000000
DE21A,1270314.000000
DE21B,1075439.000000
DE21C,403085.000000
DE21D,3114983.000000
DE21E,275731.000000
DE21F,1857229.000000
DE21G,166141.000000
DE21H,2314840.000000
DE21I,144749.000000
DE21J,306447.000000
DE21K,1822777.000000
DE21L,662988.000000
DE21M,2767936.000000
DE21N,387226.000000
DE221,239945.000000
DE222,475201.000000
DE223,121261.000000
DE224,315607.000000
DE225,980868.000000
DE226,639512.000000
DE227,238049.000000
DE228,3000667.000000
DE229,1882781.000000
DE22A,731909.000000
DE22B,642826.000000
DE22C,212767.000000
DE231,94311.000000
DE232,1315480.000000
DE233,76008.000000
DE234,312481.000000
DE235,1502817.000000
DE236,360203.000000
DE237,251837.000000
DE238,329783.000000
DE239,436874.000000
DE23A,367522.000000
DE241,807294.000000
DE242,416500.000000
DE243,156628.000000
DE244,136289.000000
DE245,386790.000000
DE246,634956.000000
DE247,139384.000000
DE248,420756.000000
DE249,280090.000000
DE24A,172584.000000
DE24B,217058.000000
DE24C,434506.000000
DE24D,383163.000000
DE251,97381.000000
DE252,641479.000000
DE253,304564.000000
DE254,3539654.000000
DE255,99127.000000
DE256,1435369.000000
DE257,297426.000000
DE258,193067.000000
DE259,261500.000000
DE25A,464080.000000
DE25B,404788.000000
DE25C,928236.000000
DE261,275108.000000
DE262,244372.000000
DE263,924233.000000
DE264,463702.000000
DE265,922698.000000
DE266,599853.000000
DE267,175654.000000
DE268,736597.000000
DE269,257105.000000
DE26A,454733.000000
DE26B,94129.000000
DE26C,478208.000000
DE271,1113401.000000
DE272,97177.000000
DE273,351442.000000
DE274,195052.000000
DE275,186330.000000
DE276,385141.000000
DE277,117387.000000
DE278,962467.000000
DE279,462184.000000
DE27A,1583971.000000
DE27B,3345261.000000
DE27C,784063.000000
DE27D,331940.000000
DE27E,5345947.000000
DE300,29383378.000000
DE401,249608.000000
DE402,280205.000000
DE403,110396.000000
DE404,1255156.000000
DE405,658608.000000
DE406,2129696.000000
DE407,127412.000000
DE408,268425.000000
DE409,321565.000000
DE40A,533662.000000
DE40B,876113.000000
DE40C,1190462.000000
DE40D,806424.000000
DE40E,947960.000000
DE40F,308621.000000
DE40G,722061.000000
DE40H,628018.000000
DE40I,893535.000000
DE501,2262912.000000
DE502,447587.000000
DE600,15894864.000000
DE711,735180.000000
DE712,10335532.000000
DE713,574674.000000
DE714,1170148.000000
DE715,584462.000000
DE716,488100.000000
DE717,1002326.000000
DE718,820832.000000
DE719,790613.000000
DE71A,846316.000000
DE71B,323362.000000
DE71C,887542.000000
DE71D,765021.000000
DE71E,481698.000000
DE721,399823.000000
DE722,443339.000000
DE723,423263.000000
DE724,543798.000000
DE725,424777.000000
DE731,838028.000000
DE732,1616504.000000
DE733,690663.000000
DE734,685609.000000
DE735,470292.000000
DE736,2113008.000000
DE737,352008.000000
DE803,2121300.000000
DE804,358095.000000
DE80J,3462014.000000
DE80K,4439677.000000
DE80L,9578192.000000
DE80M,2270387.000000
DE80N,5889605.000000
DE80O,897617.000000
DE911,702841.000000
DE912,181682.000000
DE913,553433.000000
DE914,318472.000000
DE916,2259455.000000
DE917,120984.000000
DE918,300679.000000
DE91A,82202.000000
DE91B,103392.000000
DE91C,1766875.000000
DE922,656942.000000
DE923,593214.000000
DE925,505550.000000
DE926,196595.000000
DE927,228650.000000
DE928,373660.000000
DE929,3946891.000000
DE931,762090.000000
DE932,2250024.000000
DE933,729963.000000
DE934,244175.000000
DE935,703802.000000
DE936,154765.000000
DE937,469229.000000
DE938,2929697.000000
DE939,598556.000000
DE93A,383890.000000
DE93B,340610.000000
DE941,67147.000000
DE942,237850.000000
DE943,263679.000000
DE944,487864.000000
DE945,294534.000000
DE946,608328.000000
DE947,3932649.000000
DE948,483021.000000
DE949,2222412.000000
DE94A,1656653.000000
DE94B,658071.000000
DE94C,1456019.000000
DE94D,406840.000000
DE94E,974483.000000
DE94F,350924.000000
DE94G,779093.000000
DE94H,2422931.000000
DEA11,5409796.000000
DEA12,498897.000000
DEA13,1556403.000000
DEA14,242312.000000
DEA15,370101.000000
DEA16,162286.000000
DEA17,490959.000000
DEA18,85497.000000
DEA19,90566.000000
DEA1A,431659.000000
DEA1B,814155.000000
DEA1C,833558.000000
DEA1D,615009.000000
DEA1E,344568.000000
DEA1F,790475.000000
DEA22,1516249.000000
DEA23,6487905.000000
DEA24,206417.000000
DEA26,607058.000000
DEA27,907012.000000
DEA28,653612.000000
DEA29,251049.000000
DEA2A,466227.000000
DEA2B,264186.000000
DEA2C,1027637.000000
DEA2D,1446917.000000
DEA31,75490.000000
DEA32,304690.000000
DEA33,1187491.000000
DEA34,628250.000000
DEA35,633406.000000
DEA36,600746.000000
DEA37,775077.000000
DEA38,384031.000000
DEA41,546852.000000
DEA42,536316.000000
DEA43,227159.000000
DEA44,535457.000000
DEA45,1017318.000000
DEA46,546120.000000
DEA47,617105.000000
DEA51,643895.000000
DEA52,1418089.000000
DEA53,205422.000000
DEA54,172749.000000
DEA55,63294.000000
DEA56,299689.000000
DEA57,3544884.000000
DEA58,352331.000000
DEA59,547608.000000
DEA5A,441614.000000
DEA5B,788964.000000
DEA5C,382422.000000
DEB11,844118.000000
DEB12,770843.000000
DEB13,187334.000000
DEB14,590600.000000
DEB15,301901.000000
DEB17,891086.000000
DEB18,352104.000000
DEB1A,624384.000000
DEB1B,608011.000000
DEB1C,1852396.000000
DEB1D,747877.000000
DEB21,867847.000000
DEB22,1769551.000000
DEB23,877243.000000
DEB24,1211975.000000
DEB25,1315659.000000
DEB31,84763.000000
DEB32,330488.000000
DEB33,117478.000000
DEB34,319515.000000
DEB35,1064517.000000
DEB36,166514.000000
DEB37,100054.000000
DEB38,301327.000000
DEB39,146985.000000
DEB3A,45572.000000
DEB3B,150457.000000
DEB3C,735102.000000
DEB3D,150291.000000
DEB3E,150203.000000
DEB3F,260089.000000
DEB3G,109121.000000
DEB3H,663744.000000
DEB3I,127911.000000
DEB3J,638304.000000
DEB3K,392186.000000
DEC01,744087.000000
DEC02,383366.000000
DEC03,92086.000000
DEC04,182425.000000
DEC05,226319.000000
DEC06,828846.000000
DED21,4401596.000000
DED2C,620793.000000
DED2D,1183841.000000
DED2E,642987.000000
DED2F,1808439.000000
DED41,447447.000000
DED42,1483483.000000
DED43,533223.000000
DED44,869918.000000
DED45,491066.000000
DED51,3826957.000000
DED52,501570.000000
DED53,585672.000000
DEE01,226389.000000
DEE02,423618.000000
DEE03,773142.000000
DEE04,223555.000000
DEE05,275219.000000
DEE06,194806.000000
DEE07,306701.000000
DEE08,535890.000000
DEE09,2491593.000000
DEE0A,338521.000000
DEE0B,416002.000000
DEE0C,315782.000000
DEE0D,314545.000000
DEE0E,455086.000000
DEF01,413162.000000
DEF02,1113056.000000
DEF03,2291378.000000
DEF04,193779.000000
DEF05,1940455.000000
DEF06,569680.000000
DEF07,9865879.000000
DEF08,10542554.000000
DEF09,761721.000000
DEF0A,1689277.000000
DEF0B,1955217.000000
DEF0C,2147417.000000
DEF0D,578616.000000
DEF0E,187836.000000
DEF0F,382584.000000
DEG01,979336.000000
DEG02,141764.000000
DEG03,385113.000000
DEG05,699500.000000
DEG06,232428.000000
DEG07,169802.000000
DEG09,265991.000000
DEG0A,224909.000000
DEG0C,811515.000000
DEG0D,75595.000000
DEG0E,244385.000000
DEG0G,322102.000000
DEG0J,192857.000000
DEG0K,426458.000000
DEG0L,154315.000000
DEG0M,162752.000000
DEG0Q,752432.000000
DEG0R,663753.000000
DEG0S,185114.000000
DEG0T,394923.000000
DEG0U,342554.000000
DEG0V,123691.000000
EE001,3308259.000000
EE004,1348657.000000
EE008,990198.000000
EE009,344720.000000
EE00A,383028.000000
IE041,8114389.000000
IE042,5107670.000000
IE051,3905368.000000
IE052,3447289.000000
IE053,10109638.000000
IE061,5676266.000000
IE062,1910276.000000
IE063,2365254.000000
EL301,386233.000000
EL302,31280.000000
EL303,7791073.000000
EL304,834013.000000
EL305,1591108.000000
EL306,164730.000000
EL307,1611161.000000
EL411,1116012.000000
EL412,1403677.000000
EL413,320904.000000
EL421,25158840.000000
EL422,13201346.000000
EL431,14511882.000000
EL432,4287108.000000
EL433,6211919.000000
EL434,9331982.000000
EL511,552585.000000
EL512,158109.000000
EL513,214848.000000
EL514,98827.000000
EL515,2785425.000000
EL521,139590.000000
EL522,3933626.000000
EL523,106646.000000
EL524,227768.000000
EL525,3612338.000000
EL526,314374.000000
EL527,8767156.000000
EL531,157465.000000
EL532,132998.000000
EL533,55014.000000
EL541,1463076.000000
EL542,517000.000000
EL543,986956.000000
EL611,763334.000000
EL612,331135.000000
EL613,3029987.000000
EL621,5930277.000000
EL622,10071910.000000
EL623,2204331.000000
EL624,1556281.000000
EL631,422633.000000
EL632,947908.000000
EL633,1036051.000000
EL641,249110.000000
EL642,1748518.000000
EL643,125910.000000
EL644,309791.000000
EL645,548474.000000
EL651,1723272.000000
EL652,943845.000000
EL653,3089985.000000
ES111,5863069.000000
ES112,1822931.000000
ES113,891622.000000
ES114,4937376.000000
ES120,6672748.000000
ES130,5811506.000000
ES211,1378390.000000
ES212,4286816.000000
ES213,4060901.000000
ES220,4032325.000000
ES230,1716159.000000
ES241,3957295.000000
ES242,1391622.000000
ES243,3218044.000000
ES300,30238007.000000
ES411,1201472.000000
ES412,2165552.000000
ES413,2028989.000000
ES414,642215.000000
ES415,2383810.000000
ES416,1405219.000000
ES417,928505.000000
ES418,1573553.000000
ES419,597440.000000
ES421,1238598.000000
ES422,958299.000000
ES423,943766.000000
ES424,801261.000000
ES425,1932257.000000
ES431,1584266.000000
ES432,2199892.000000
ES511,39770370.000000
ES512,23634098.000000
ES513,3369984.000000
ES514,18861398.000000
ES521,31996890.000000
ES522,7790870.000000
ES523,12661934.000000
ES531,11254978.000000
ES532,51193029.000000
ES533,6343804.000000
ES611,6835184.000000
ES612,10685787.000000
ES613,2390903.000000
ES614,7416276.000000
ES615,5738936.000000
ES616,1491087.000000
ES617,29676095.000000
ES618,9668181.000000
ES620,5493664.000000
ES630,144427.000000
ES640,132824.000000
ES703,164229.000000
ES704,14595356.000000
ES705,26067163.000000
ES706,969708.000000
ES707,1122753.000000
ES708,18335971.000000
ES709,34319774.000000
FR101,43919410.000000
FR102,13297242.000000
FR103,3126479.000000
FR104,2867607.000000
FR105,8145461.000000
FR106,4922533.000000
FR107,4415695.000000
FR108,4468246.000000
FRB01,848055.000000
FRB02,908839.000000
FRB03,626369.000000
FRB04,3228898.000000
FRB05,3283151.000000
FRB06,1846977.000000
FRC11,3371748.000000
FRC12,742257.000000
FRC13,2167153.000000
FRC14,973545.000000
FRC21,1746197.000000
FRC22,1996295.000000
FRC23,348947.000000
FRC24,334483.000000
FRD11,7447253.000000
FRD12,3206279.000000
FRD13,531659.000000
FRD21,1860696.000000
FRD22,3779212.000000
FRE11,4963567.000000
FRE12,4150828.000000
FRE21,1815777.000000
FRE22,1639783.000000
FRE23,3033996.000000
FRF11,6270853.000000
FRF12,4863025.000000
FRF21,476478.000000
FRF22,1160735.000000
FRF23,2169177.000000
FRF24,615558.000000
FRF31,1391663.000000
FRF32,306211.000000
FRF33,3624085.000000
FRF34,2159088.000000
FRG01,8578280.000000
FRG02,2568462.000000
FRG03,504685.000000
FRG04,1408286.000000
FRG05,12817803.000000
FRH01,4242748.000000
FRH02,8556544.000000
FRH03,5608314.000000
FRH04,8404289.000000
FRI11,5158033.000000
FRI12,13301730.000000
FRI13,10184605.000000
FRI14,1504114.000000
FRI15,6886805.000000
FRI21,1296467.000000
FRI22,320075.000000
FRI23,925297.000000
FRI31,726160.000000
FRI32,12756910.000000
FRI33,733975.000000
FRI34,3516818.000000
FRJ11,3771665.000000
FRJ12,5787688.000000
FRJ13,16627679.000000
FRJ14,1311486.000000
FRJ15,11207968.000000
FRJ21,1094826.000000
FRJ22,2161702.000000
FRJ23,5290415.000000
FRJ24,748507.000000
FRJ25,1875147.000000
FRJ26,4824996.000000
FRJ27,864749.000000
FRJ28,609051.000000
FRK11,1246010.000000
FRK12,1034805.000000
FRK13,889762.000000
FRK14,4130890.000000
FRK21,2395592.000000
FRK22,5607236.000000
FRK23,3354403.000000
FRK24,5801141.000000
FRK25,934775.000000
FRK26,8005210.000000
FRK27,15674496.000000
FRK28,11979735.000000
FRL01,3606003.000000
FRL02,4334741.000000
FRL03,13315819.000000
FRL04,11580166.000000
FRL05,17376667.000000
FRL06,4866646.000000
FRM01,5561700.000000
FRM02,4654848.000000
FRY10,1309221.000000
FRY20,1244021.000000
FRY30,420028.000000
FRY40,1558174.000000
FRY50,161925.000000
HR021,83102.000000
HR022,36032.000000
HR023,64782.000000
HR024,68137.000000
HR025,253118.000000
HR026,150735.000000
HR027,622764.000000
HR028,57887.000000
HR031,15594014.000000
HR032,2903811.000000
HR033,10122010.000000
HR034,5066777.000000
HR035,17771567.000000
HR036,28096850.000000
HR037,7762485.000000
HR050,2507454.000000
HR061,215597.000000
HR062,240110.000000
HR063,44950.000000
HR064,414222.000000
HR065,264744.000000
ITC11,6336595.000000
ITC12,347923.000000
ITC13,266529.000000
ITC14,3211695.000000
ITC15,1393940.000000
ITC16,1796811.000000
ITC17,384985.000000
ITC18,671970.000000
ITC20,3692878.000000
ITC31,3316134.000000
ITC32,5204633.000000
ITC33,4574178.000000
ITC34,2989265.000000
ITC41,2245688.000000
ITC42,3346092.000000
ITC43,838794.000000
ITC44,3155374.000000
ITC46,2451098.000000
ITC47,10639360.000000
ITC48,502829.000000
ITC49,162682.000000
ITC4A,421640.000000
ITC4B,637225.000000
ITC4C,16266235.000000
ITC4D,1128056.000000
ITF11,1217181.000000
ITF12,3156649.000000
ITF13,1144254.000000
ITF14,1286736.000000
ITF21,107438.000000
ITF22,387348.000000
ITF31,1306132.000000
ITF32,106197.000000
ITF33,13948949.000000
ITF34,289326.000000
ITF35,5045238.000000
ITF43,1212579.000000
ITF44,2253085.000000
ITF45,5387364.000000
ITF46,4325093.000000
ITF47,3240753.000000
ITF48,403270.000000
ITF51,632821.000000
ITF52,1904503.000000
ITF61,3226074.000000
ITF62,679455.000000
ITF63,1168982.000000
ITF64,2518916.000000
ITF65,507167.000000
ITG11,2276074.000000
ITG12,3865777.000000
ITG13,3722369.000000
ITG14,1575223.000000
ITG15,212549.000000
ITG16,138586.000000
ITG17,2251412.000000
ITG18,1063978.000000
ITG19,1342316.000000
ITG2D,7436873.000000
ITG2E,2439970.000000
ITG2F,1422391.000000
ITG2G,782618.000000
ITG2H,2118684.000000
ITH10,36085187.000000
ITH20,19141944.000000
ITH31,18809189.000000
ITH32,2264687.000000
ITH33,3878266.000000
ITH34,2034187.000000
ITH35,38159987.000000
ITH36,5179574.000000
ITH37,1570973.000000
ITH41,620623.000000
ITH42,5838328.000000
ITH43,1930348.000000
ITH44,1557576.000000
ITH51,603481.000000
ITH52,1456998.000000
ITH53,766518.000000
ITH54,1778328.000000
ITH55,5264365.000000
ITH56,2687923.000000
ITH57,6376367.000000
ITH58,5509149.000000
ITH59,14733008.000000
ITI11,1108132.000000
ITI12,3532737.000000
ITI13,2280511.000000
ITI14,12738957.000000
ITI15,488065.000000
ITI16,9298831.000000
ITI17,3514494.000000
ITI18,1756423.000000
ITI19,5406562.000000
ITI1A,5894598.000000
ITI21,5508310.000000
ITI22,920638.000000
ITI31,3078529.000000
ITI32,2588909.000000
ITI33,1723717.000000
ITI34,1695075.000000
ITI35,1574447.000000
ITI41,1453038.000000
ITI42,146230.000000
ITI43,41135744.000000
ITI44,1836581.000000
ITI45,1155576.000000
CY000,15636125.000000
LV003,531600.000000
LV005,214337.000000
LV006,2303364.000000
LV007,852987.000000
LV008,298527.000000
LV009,170039.000000
LV00A,2982791.000000
LV00B,604547.000000
LV00C,399140.000000
LT011,2543338.000000
LT021,1147887.000000
LT022,1371410.000000
LT023,2361817.000000
LT024,80426.000000
LT025,159784.000000
LT026,275448.000000
LT027,49338.000000
LT028,146222.000000
LT029,338158.000000
LU000,3485954.000000
HU110,9980022.000000
HU120,1412254.000000
HU211,838868.000000
HU212,580374.000000
HU213,2649273.000000
HU221,1283396.000000
HU222,1465871.000000
HU223,2493072.000000
HU231,682130.000000
HU232,1883300.000000
HU233,160029.000000
HU311,1112347.000000
HU312,1379584.000000
HU313,150188.000000
HU321,1354187.000000
HU322,528933.000000
HU323,473480.000000
HU331,609561.000000
HU332,723381.000000
HU333,728058.000000
MT001,9577922.000000
MT002,314370.000000
NL111,534016.000000
NL112,99204.000000
NL113,1175341.000000
NL114,534016.000000
NL115,1175341.000000
NL124,4151852.000000
NL125,1774546.000000
NL126,884375.000000
NL127,4151852.000000
NL128,1774546.000000
NL131,3351571.000000
NL132,3183866.000000
NL133,1336386.000000
NL211,3648817.000000
NL212,739715.000000
NL213,4526491.000000
NL221,7694796.000000
NL224,770770.000000
NL225,3789390.000000
NL226,2347246.000000
NL230,3171508.000000
NL310,4402838.000000
NL321,6431894.000000
NL323,794538.000000
NL324,2152014.000000
NL325,448847.000000
NL327,351398.000000
NL328,1752877.000000
NL329,26365666.000000
NL32A,2152014.000000
NL32B,26365666.000000
NL332,4337111.000000
NL333,815326.000000
NL337,2754807.000000
NL33A,614784.000000
NL33B,707229.000000
NL33C,6552488.000000
NL341,3490219.000000
NL342,9899073.000000
NL350,4402838.000000
NL361,4337111.000000
NL362,815326.000000
NL363,2754807.000000
NL364,614784.000000
NL365,707229.000000
NL366,6552488.000000
NL411,2155957.000000
NL412,3538596.000000
NL413,2137400.000000
NL414,5633907.000000
NL415,3538596.000000
NL416,2137400.000000
NL421,5392049.000000
NL422,2448850.000000
NL423,5914701.000000
AT111,321841.000000
AT112,1626908.000000
AT113,893542.000000
AT121,775687.000000
AT122,1153391.000000
AT123,360482.000000
AT124,1549439.000000
AT125,210228.000000
AT126,726036.000000
AT127,1806557.000000
AT130,16474060.000000
AT211,4005532.000000
AT212,5689304.000000
AT213,1697330.000000
AT221,1824363.000000
AT222,4359006.000000
AT223,727826.000000
AT224,2702528.000000
AT225,719401.000000
AT226,1402638.000000
AT311,1094796.000000
AT312,1794521.000000
AT313,936003.000000
AT314,1033460.000000
AT315,2933299.000000
AT321,901465.000000
AT322,18483684.000000
AT323,5678855.000000
AT331,3216125.000000
AT332,6042874.000000
AT333,1735721.000000
AT334,11865427.000000
AT335,15579477.000000
AT341,6027664.000000
AT342,1416440.000000
PL213,5741775.000000
PL214,815004.000000
PL217,198253.000000
PL218,2450062.000000
PL219,4886175.000000
PL21A,545709.000000
PL224,408270.000000
PL225,3160976.000000
PL227,217033.000000
PL228,356204.000000
PL229,418694.000000
PL22A,975244.000000
PL22B,522832.000000
PL22C,197914.000000
PL411,268630.000000
PL414,601147.000000
PL415,1395892.000000
PL416,333552.000000
PL417,590685.000000
PL418,496083.000000
PL424,1021765.000000
PL426,8896012.000000
PL427,457150.000000
PL428,5234260.000000
PL431,722580.000000
PL432,640895.000000
PL514,2224212.000000
PL515,4702176.000000
PL516,382740.000000
PL517,2776131.000000
PL518,513601.000000
PL523,284562.000000
PL524,423092.000000
PL613,1313329.000000
PL616,308173.000000
PL617,930096.000000
PL618,200888.000000
PL619,1911356.000000
PL621,578027.000000
PL622,1756640.000000
PL623,878644.000000
PL633,4454611.000000
PL634,2834909.000000
PL636,1876242.000000
PL637,540454.000000
PL638,272649.000000
PL711,1054588.000000
PL712,305307.000000
PL713,543533.000000
PL714,465029.000000
PL715,159496.000000
PL721,878497.000000
PL722,1017497.000000
PL811,325725.000000
PL812,531164.000000
PL814,843835.000000
PL815,703877.000000
PL821,1816057.000000
PL822,538950.000000
PL823,912691.000000
PL824,351301.000000
PL841,490505.000000
PL842,296019.000000
PL843,446429.000000
PL911,7461291.000000
PL912,667565.000000
PL913,790057.000000
PL921,342232.000000
PL922,123450.000000
PL923,188029.000000
PL924,137624.000000
PL925,389606.000000
PL926,302179.000000
PT111,1137916.000000
PT112,1281375.000000
PT119,689454.000000
PT11A,9395936.000000
PT11B,374736.000000
PT11C,477025.000000
PT11D,658075.000000
PT11E,341877.000000
PT150,22649144.000000
PT191,1193222.000000
PT192,1972810.000000
PT193,797355.000000
PT194,616815.000000
PT195,359176.000000
PT196,957512.000000
PT1A0,19161898.000000
PT1B0,2440649.000000
PT1C1,2173608.000000
PT1C2,512922.000000
PT1C3,534937.000000
PT1C4,1107038.000000
PT1D1,2176119.000000
PT1D2,1501600.000000
PT1D3,323211.000000
PT200,2783084.000000
PT300,9269336.000000
RO111,1465789.000000
RO112,191873.000000
RO113,1223177.000000
RO114,505079.000000
RO115,216160.000000
RO116,76639.000000
RO121,452038.000000
RO122,2853386.000000
RO123,634805.000000
RO124,523791.000000
RO125,910345.000000
RO126,930003.000000
RO211,384112.000000
RO212,71009.000000
RO213,662533.000000
RO214,504334.000000
RO215,1121286.000000
RO216,71873.000000
RO221,202466.000000
RO222,179142.000000
RO223,5203077.000000
RO224,174494.000000
RO225,294329.000000
RO226,86374.000000
RO311,411835.000000
RO312,34427.000000
RO313,290235.000000
RO314,55875.000000
RO315,186769.000000
RO316,1259857.000000
RO317,6983.000000
RO321,3624519.000000
RO322,279784.000000
RO411,300476.000000
RO412,232027.000000
RO413,222873.000000
RO414,57210.000000
RO415,1347639.000000
RO421,308520.000000
RO422,660367.000000
RO423,265684.000000
RO424,722374.000000
SI031,963449.000000
SI032,940748.000000
SI033,141998.000000
SI034,1651465.000000
SI035,22990.000000
SI036,680341.000000
SI037,487750.000000
SI038,231416.000000
SI041,2557730.000000
SI042,3827649.000000
SI043,1358246.000000
SI044,3239020.000000
SK010,2548871.000000
SK021,1289988.000000
SK022,1221774.000000
SK023,740032.000000
SK031,3133382.000000
SK032,1746737.000000
SK041,2851237.000000
SK042,827833.000000
FI196,403232.000000
FI198,1043820.000000
FI199,789968.000000
FI19A,391795.000000
FI19B,1864621.000000
FI1B1,6360553.000000
FI1C1,1428086.000000
FI1C2,389846.000000
FI1C5,589233.000000
FI1C6,604954.000000
FI1C7,277002.000000
FI1D5,137541.000000
FI1D7,3348570.000000
FI1D8,921322.000000
FI1D9,1908409.000000
FI1DA,611793.000000
FI1DB,829629.000000
FI1DC,505106.000000
FI200,426581.000000
SE110,15117410.000000
SE121,1195001.000000
SE122,1149938.000000
SE123,2029265.000000
SE124,1270750.000000
SE125,962344.000000
SE211,1714696.000000
SE212,913496.000000
SE213,3062174.000000
SE214,970141.000000
SE221,976048.000000
SE224,6640392.000000
SE231,2857808.000000
SE232,10877001.000000
SE311,1862766.000000
SE312,3242274.000000
SE313,1191523.000000
SE321,1352660.000000
SE322,1849146.000000
SE331,1878005.000000
SE332,2783281.000000
IS001,3483746.000000
IS002,6034845.000000
LI000,222266.000000
NO020,3662960.000000
NO060,2832153.000000
NO071,2280611.000000
NO072,1630435.000000
NO073,712277.000000
NO074,2342712.000000
NO081,6350848.000000
NO082,5024741.000000
NO083,735165.000000
NO084,2339531.000000
NO085,1950045.000000
NO091,2608746.000000
NO092,2215156.000000
NO093,1502855.000000
NO094,1105891.000000
NO0A1,2315660.000000
NO0A2,5523884.000000
NO0A3,1742004.000000
NO0B1,0.000000
NO0B2,145017.000000
CH011,3809794.000000
CH012,8445143.000000
CH013,3708353.000000
CH021,9236089.000000
CH022,821347.000000
CH023,537851.000000
CH024,470400.000000
CH025,284584.000000
CH031,1512847.000000
CH032,314079.000000
CH033,964454.000000
CH040,6754881.000000
CH051,316031.000000
CH052,166960.000000
CH053,189706.000000
CH054,300420.000000
CH055,1692681.000000
CH056,8769268.000000
CH057,605877.000000
CH061,2956437.000000
CH062,482842.000000
CH063,788357.000000
CH064,921823.000000
CH065,419221.000000
CH066,344081.000000
CH070,4497675.000000
ME000,5124981.000000
MK001,35084.000000
MK002,43944.000000
MK003,877170.000000
MK004,177589.000000
MK005,96938.000000
MK006,82137.000000
MK007,31145.000000
MK008,728919.000000
RS110,3453132.000000
RS121,137710.000000
RS122,126573.000000
RS123,654565.000000
RS124,189986.000000
RS125,380264.000000
RS126,90066.000000
RS127,369520.000000
RS211,1691430.000000
RS212,349124.000000
RS213,384766.000000
RS214,298684.000000
RS215,93997.000000
RS216,237504.000000
RS217,1385236.000000
RS218,293391.000000
RS221,216547.000000
RS222,244074.000000
RS223,808336.000000
RS224,143071.000000
RS225,356530.000000
RS226,94422.000000
RS227,49744.000000
RS228,151042.000000
RS229,241221.000000
