nuts3,year,avg_annual_wage
ES611,2022,17904.000000
ES612,2022,21554.000000
ES613,2022,19340.000000
ES614,2022,20161.000000
ES615,2022,18732.000000
ES616,2022,17159.000000
ES617,2022,21514.000000
ES618,2022,22308.000000
ES241,2022,23034.000000
ES242,2022,22627.000000
ES243,2022,26135.000000
ES120,2022,26408.000000
ES530,2022,23350.000000
ES701,2022,21109.000000
ES702,2022,20034.000000
ES130,2022,24544.000000
ES411,2022,21061.000000
ES412,2022,26131.000000
ES413,2022,23621.000000
ES414,2022,23306.000000
ES415,2022,23016.000000
ES416,2022,22414.000000
ES417,2022,23137.000000
ES418,2022,25972.000000
ES419,2022,20798.000000
ES421,2022,21243.000000
ES422,2022,21155.000000
ES423,2022,19941.000000
ES424,2022,25863.000000
ES425,2022,22253.000000
ES511,2022,29669.000000
ES512,2022,23726.000000
ES513,2022,22932.000000
ES514,2022,25019.000000
ES521,2022,20741.000000
ES522,2022,24516.000000
ES523,2022,24519.000000
ES431,2022,18469.000000
ES432,2022,19245.000000
ES111,2022,25930.000000
ES112,2022,22315.000000
ES113,2022,21602.000000
ES114,2022,23402.000000
ES300,2022,33295.000000
ES620,2022,21157.000000
ES230,2022,23370.000000
ES611,2023,18037.000000
ES612,2023,20014.000000
ES613,2023,18668.000000
ES614,2023,19687.000000
ES615,2023,17143.000000
ES616,2023,17014.000000
ES617,2023,20648.000000
ES618,2023,21050.000000
ES241,2023,22033.000000
ES242,2023,21815.000000
ES243,2023,24533.000000
ES120,2023,24581.000000
ES530,2023,23126.000000
ES701,2023,20962.000000
ES702,2023,20422.000000
ES130,2023,22989.000000
ES411,2023,20487.000000
ES412,2023,24046.000000
ES413,2023,22396.000000
ES414,2023,22128.000000
ES415,2023,22204.000000
ES416,2023,21502.000000
ES417,2023,22641.000000
ES418,2023,24657.000000
ES419,2023,20227.000000
ES421,2023,20702.000000
ES422,2023,20613.000000
ES423,2023,19700.000000
ES424,2023,24116.000000
ES425,2023,21320.000000
ES511,2023,28108.000000
ES512,2023,22947.000000
ES513,2023,22471.000000
ES514,2023,23653.000000
ES521,2023,20186.000000
ES522,2023,22227.000000
ES523,2023,23359.000000
ES431,2023,18069.000000
ES432,2023,18827.000000
ES111,2023,24840.000000
ES112,2023,21939.000000
ES113,2023,21473.000000
ES114,2023,22259.000000
ES300,2023,30769.000000
ES620,2023,20552.000000
ES230,2023,22335.000000
ES611,2024,18733.000000
ES612,2024,20811.000000
ES613,2024,19488.000000
ES614,2024,20584.000000
ES615,2024,18012.000000
ES616,2024,17792.000000
ES617,2024,21479.000000
ES618,2024,21876.000000
ES241,2024,22866.000000
ES242,2024,22767.000000
ES243,2024,25448.000000
ES120,2024,25470.000000
ES530,2024,24254.000000
ES701,2024,21902.000000
ES702,2024,21321.000000
ES130,2024,23787.000000
ES411,2024,21267.000000
ES412,2024,24884.000000
ES413,2024,23315.000000
ES414,2024,23057.000000
ES415,2024,23060.000000
ES416,2024,22430.000000
ES417,2024,23569.000000
ES418,2024,25571.000000
ES419,2024,20975.000000
ES421,2024,21576.000000
ES422,2024,21511.000000
ES423,2024,20472.000000
ES424,2024,25037.000000
ES425,2024,22188.000000
ES511,2024,29255.000000
ES512,2024,24017.000000
ES513,2024,23538.000000
ES514,2024,24677.000000
ES521,2024,20984.000000
ES522,2024,23117.000000
ES523,2024,24209.000000
ES431,2024,18927.000000
ES432,2024,19769.000000
ES111,2024,25959.000000
ES112,2024,22704.000000
ES113,2024,22294.000000
ES114,2024,23182.000000
ES300,2024,31911.000000
ES620,2024,21483.000000
ES230,2024,23161.000000
