country,n_required,total_regions,region_fraction,area_pct,actual_pct,gdp_per_capita,gini,fertility,region_fraction_cmp,area_pct_cmp
AT,6,36,16.666666666666664,10.306204087570006,50.78881166588495,49640.0,27.8,1.40927,19.444444444444446,12.679710039518024
BE,8,45,17.77777777777778,20.251199548405307,53.94419156936474,48090.0,24.7,1.52949,,
BG,5,28,17.857142857142858,22.787065572131162,54.14512209638226,13310.0,38.4,1.7761,25.0,29.758820374360234
CZ,4,14,28.57142857142857,30.5004403460602,51.09945641269883,26670.0,24.8,1.638,35.714285714285715,37.27917940216547
DE,79,400,19.75,16.98644755685557,50.243330918214234,48600.0,29.0,1.45567,21.0,20.05192062061453
DK,4,12,33.33333333333333,35.33474646914521,57.38273292082654,64430.0,27.7,1.55339,33.33333333333333,35.33474646914521
EE,1,5,20.0,7.7006214536611735,53.152317087773916,27360.0,31.9,1.40772,40.0,35.90200846618031
EL,8,52,15.384615384615385,6.899760088582677,51.008849768333796,19570.0,31.4,1.31753,17.307692307692307,9.410371555118111
ES,7,60,11.666666666666666,12.860934161470913,50.0060016228388,28790.0,32.0,1.15727,15.0,16.706521782379134
FI,3,20,15.0,7.159434484520717,53.56968375613419,47810.0,26.6,1.31606,20.0,15.047268236596686
FR,19,101,18.81188118811881,6.836409676546001,50.06802178027468,38870.0,29.8,1.78069,21.0,7.285359366788234
HR,5,21,23.809523809523807,18.086093701662524,53.3509485424835,17540.0,28.5,1.53385,23.809523809523807,18.086093701662524
HU,3,21,14.285714285714285,11.160864553902018,50.20626663694969,17550.0,26.9,1.5706,23.809523809523807,22.86845031059068
IE,3,8,37.5,14.502221251183453,61.31230439541804,100630.0,26.9,1.51448,37.5,14.502221251183453
IT,19,108,17.59259259259259,18.879070721894376,50.315846327259074,33860.0,32.7,1.24272,19.444444444444446,20.112801825723047
LT,2,10,20.0,13.767040194106567,54.25395233154926,23160.0,36.2,1.2702,30.0,17.499920186444466
LV,1,5,20.0,3.188060885517378,53.344664319533805,19160.0,34.3,1.47092,40.0,18.590906837225447
NL,8,41,19.51219512195122,17.766673073226986,50.15945271069609,56140.0,26.3,1.48643,21.951219512195124,20.14030367095906
PL,23,73,31.506849315068493,18.58292705362892,51.12951119232526,17520.0,26.3,1.28602,34.24657534246575,19.301582191150768
PT,4,27,14.814814814814813,6.406883915717838,52.44106564524166,23300.0,32.0,1.42574,18.51851851851852,6.936264886794922
RO,12,42,28.57142857142857,31.3070388867546,51.094420276456965,14740.0,32.0,1.75285,30.952380952380953,34.17424339437402
SE,3,22,13.636363636363635,10.137490793027252,56.039702968463544,51980.0,27.6,1.5252,13.636363636363635,10.137490793027252
SI,3,12,25.0,33.56167783569124,60.94755997302714,26980.0,23.1,1.54955,25.0,33.56167783569124
SK,4,8,50.0,44.66551681655784,56.78202117579203,20150.0,21.2,1.57021,50.0,50.12730483347706
