nuts3,name,year,employment_ths
FR101,Paris,2000,1956.600000
FR101,Paris,2001,1972.700000
FR101,Paris,2002,1965.700000
FR101,Paris,2003,1923.900000
FR101,Paris,2004,1898.800000
FR101,Paris,2005,1897.300000
FR101,Paris,2006,1901.100000
FR101,Paris,2007,1918.400000
FR101,Paris,2008,1941.200000
FR101,Paris,2009,1912.100000
FR101,Paris,2010,1902.000000
FR101,Paris,2011,1931.400000
FR101,Paris,2012,1937.100000
FR101,Paris,2013,1943.000000
FR101,Paris,2014,1955.900000
FR101,Paris,2015,1961.800000
FR101,Paris,2016,1985.500000
FR101,Paris,2017,2017.100000
FR101,Paris,2018,2061.800000
FR101,Paris,2019,2078.600000
FR101,Paris,2020,2037.500000
FR101,Paris,2021,2108.500000
FR101,Paris,2022,2200.600000
FR101,Paris,2023,2237.200000
FR101,Paris,2024,2250.500000
FR102,Seine-et-Marne,2000,438.900000
FR102,Seine-et-Marne,2001,442.300000
FR102,Seine-et-Marne,2002,447.800000
FR102,Seine-et-Marne,2003,444.500000
FR102,Seine-et-Marne,2004,445.800000
FR102,Seine-et-Marne,2005,453.600000
FR102,Seine-et-Marne,2006,464.000000
FR102,Seine-et-Marne,2007,473.300000
FR102,Seine-et-Marne,2008,476.200000
FR102,Seine-et-Marne,2009,468.600000
FR102,Seine-et-Marne,2010,471.200000
FR102,Seine-et-Marne,2011,473.500000
FR102,Seine-et-Marne,2012,486.000000
FR102,Seine-et-Marne,2013,485.700000
FR102,Seine-et-Marne,2014,490.100000
FR102,Seine-et-Marne,2015,490.800000
FR102,Seine-et-Marne,2016,496.300000
FR102,Seine-et-Marne,2017,506.800000
FR102,Seine-et-Marne,2018,513.300000
FR102,Seine-et-Marne,2019,531.300000
FR102,Seine-et-Marne,2020,528.300000
FR102,Seine-et-Marne,2021,536.100000
FR102,Seine-et-Marne,2022,551.300000
FR102,Seine-et-Marne,2023,557.300000
FR102,Seine-et-Marne,2024,561.000000
FR103,Yvelines,2000,598.600000
FR103,Yvelines,2001,576.700000
FR103,Yvelines,2002,576.500000
FR103,Yvelines,2003,580.200000
FR103,Yvelines,2004,578.000000
FR103,Yvelines,2005,586.100000
FR103,Yvelines,2006,590.800000
FR103,Yvelines,2007,591.500000
FR103,Yvelines,2008,594.100000
FR103,Yvelines,2009,582.300000
FR103,Yvelines,2010,579.800000
FR103,Yvelines,2011,586.000000
FR103,Yvelines,2012,591.300000
FR103,Yvelines,2013,593.500000
FR103,Yvelines,2014,590.900000
FR103,Yvelines,2015,589.200000
FR103,Yvelines,2016,583.900000
FR103,Yvelines,2017,586.600000
FR103,Yvelines,2018,590.100000
FR103,Yvelines,2019,590.300000
FR103,Yvelines,2020,584.500000
FR103,Yvelines,2021,583.900000
FR103,Yvelines,2022,588.900000
FR103,Yvelines,2023,592.400000
FR103,Yvelines,2024,596.200000
FR104,Essonne,2000,451.400000
FR104,Essonne,2001,456.700000
FR104,Essonne,2002,453.400000
FR104,Essonne,2003,447.300000
FR104,Essonne,2004,447.600000
FR104,Essonne,2005,451.000000
FR104,Essonne,2006,462.000000
FR104,Essonne,2007,474.500000
FR104,Essonne,2008,479.600000
FR104,Essonne,2009,472.500000
FR104,Essonne,2010,470.800000
FR104,Essonne,2011,477.000000
FR104,Essonne,2012,480.100000
FR104,Essonne,2013,481.600000
FR104,Essonne,2014,484.100000
FR104,Essonne,2015,482.800000
FR104,Essonne,2016,485.400000
FR104,Essonne,2017,487.100000
FR104,Essonne,2018,491.000000
FR104,Essonne,2019,517.900000
FR104,Essonne,2020,519.900000
FR104,Essonne,2021,526.600000
FR104,Essonne,2022,534.200000
FR104,Essonne,2023,542.700000
FR104,Essonne,2024,545.900000
FR105,Hauts-de-Seine,2000,984.700000
FR105,Hauts-de-Seine,2001,1017.600000
FR105,Hauts-de-Seine,2002,1007.300000
FR105,Hauts-de-Seine,2003,997.400000
FR105,Hauts-de-Seine,2004,1006.200000
FR105,Hauts-de-Seine,2005,1019.300000
FR105,Hauts-de-Seine,2006,1036.600000
FR105,Hauts-de-Seine,2007,1076.400000
FR105,Hauts-de-Seine,2008,1093.300000
FR105,Hauts-de-Seine,2009,1079.100000
FR105,Hauts-de-Seine,2010,1067.300000
FR105,Hauts-de-Seine,2011,1088.400000
FR105,Hauts-de-Seine,2012,1099.100000
FR105,Hauts-de-Seine,2013,1103.500000
FR105,Hauts-de-Seine,2014,1112.600000
FR105,Hauts-de-Seine,2015,1119.800000
FR105,Hauts-de-Seine,2016,1129.400000
FR105,Hauts-de-Seine,2017,1143.900000
FR105,Hauts-de-Seine,2018,1170.200000
FR105,Hauts-de-Seine,2019,1184.300000
FR105,Hauts-de-Seine,2020,1183.600000
FR105,Hauts-de-Seine,2021,1196.700000
FR105,Hauts-de-Seine,2022,1241.700000
FR105,Hauts-de-Seine,2023,1267.900000
FR105,Hauts-de-Seine,2024,1273.700000
FR106,Seine-Saint-Denis,2000,524.200000
FR106,Seine-Saint-Denis,2001,540.800000
FR106,Seine-Saint-Denis,2002,540.100000
FR106,Seine-Saint-Denis,2003,536.300000
FR106,Seine-Saint-Denis,2004,543.900000
FR106,Seine-Saint-Denis,2005,552.300000
FR106,Seine-Saint-Denis,2006,568.700000
FR106,Seine-Saint-Denis,2007,582.100000
FR106,Seine-Saint-Denis,2008,585.500000
FR106,Seine-Saint-Denis,2009,584.700000
FR106,Seine-Saint-Denis,2010,588.200000
FR106,Seine-Saint-Denis,2011,592.300000
FR106,Seine-Saint-Denis,2012,599.200000
FR106,Seine-Saint-Denis,2013,606.700000
FR106,Seine-Saint-Denis,2014,634.600000
FR106,Seine-Saint-Denis,2015,637.200000
FR106,Seine-Saint-Denis,2016,643.600000
FR106,Seine-Saint-Denis,2017,651.600000
FR106,Seine-Saint-Denis,2018,665.200000
FR106,Seine-Saint-Denis,2019,685.600000
FR106,Seine-Saint-Denis,2020,691.900000
FR106,Seine-Saint-Denis,2021,702.700000
FR106,Seine-Saint-Denis,2022,716.600000
FR106,Seine-Saint-Denis,2023,727.700000
FR106,Seine-Saint-Denis,2024,731.300000
FR107,Val-de-Marne,2000,524.200000
FR107,Val-de-Marne,2001,538.100000
FR107,Val-de-Marne,2002,531.600000
FR107,Val-de-Marne,2003,532.300000
FR107,Val-de-Marne,2004,537.000000
FR107,Val-de-Marne,2005,541.700000
FR107,Val-de-Marne,2006,551.400000
FR107,Val-de-Marne,2007,556.200000
FR107,Val-de-Marne,2008,567.000000
FR107,Val-de-Marne,2009,559.000000
FR107,Val-de-Marne,2010,555.600000
FR107,Val-de-Marne,2011,565.100000
FR107,Val-de-Marne,2012,576.000000
FR107,Val-de-Marne,2013,575.500000
FR107,Val-de-Marne,2014,576.400000
FR107,Val-de-Marne,2015,580.600000
FR107,Val-de-Marne,2016,580.100000
FR107,Val-de-Marne,2017,578.900000
FR107,Val-de-Marne,2018,583.700000
FR107,Val-de-Marne,2019,590.100000
FR107,Val-de-Marne,2020,584.900000
FR107,Val-de-Marne,2021,594.100000
FR107,Val-de-Marne,2022,600.400000
FR107,Val-de-Marne,2023,602.600000
FR107,Val-de-Marne,2024,606.600000
FR108,Val-d'Oise,2000,394.200000
FR108,Val-d'Oise,2001,408.400000
FR108,Val-d'Oise,2002,407.800000
FR108,Val-d'Oise,2003,408.000000
FR108,Val-d'Oise,2004,411.400000
FR108,Val-d'Oise,2005,418.600000
FR108,Val-d'Oise,2006,420.500000
FR108,Val-d'Oise,2007,425.000000
FR108,Val-d'Oise,2008,428.100000
FR108,Val-d'Oise,2009,418.400000
FR108,Val-d'Oise,2010,421.300000
FR108,Val-d'Oise,2011,425.000000
FR108,Val-d'Oise,2012,418.500000
FR108,Val-d'Oise,2013,417.700000
FR108,Val-d'Oise,2014,403.100000
FR108,Val-d'Oise,2015,401.700000
FR108,Val-d'Oise,2016,402.100000
FR108,Val-d'Oise,2017,404.000000
FR108,Val-d'Oise,2018,411.600000
FR108,Val-d'Oise,2019,429.300000
FR108,Val-d'Oise,2020,431.600000
FR108,Val-d'Oise,2021,441.100000
FR108,Val-d'Oise,2022,449.300000
FR108,Val-d'Oise,2023,457.300000
FR108,Val-d'Oise,2024,460.100000
FRB01,Cher,2000,119.600000
FRB01,Cher,2001,120.000000
FRB01,Cher,2002,120.200000
FRB01,Cher,2003,119.700000
FRB01,Cher,2004,118.800000
FRB01,Cher,2005,119.100000
FRB01,Cher,2006,118.900000
FRB01,Cher,2007,119.500000
FRB01,Cher,2008,119.300000
FRB01,Cher,2009,117.000000
FRB01,Cher,2010,116.000000
FRB01,Cher,2011,115.700000
FRB01,Cher,2012,113.800000
FRB01,Cher,2013,112.900000
FRB01,Cher,2014,112.200000
FRB01,Cher,2015,111.200000
FRB01,Cher,2016,111.000000
FRB01,Cher,2017,110.400000
FRB01,Cher,2018,110.100000
FRB01,Cher,2019,110.700000
FRB01,Cher,2020,110.400000
FRB01,Cher,2021,110.800000
FRB01,Cher,2022,111.800000
FRB01,Cher,2023,112.400000
FRB01,Cher,2024,113.500000
FRB02,Eure-et-Loir,2000,153.600000
FRB02,Eure-et-Loir,2001,153.000000
FRB02,Eure-et-Loir,2002,152.100000
FRB02,Eure-et-Loir,2003,151.300000
FRB02,Eure-et-Loir,2004,149.300000
FRB02,Eure-et-Loir,2005,150.000000
FRB02,Eure-et-Loir,2006,149.100000
FRB02,Eure-et-Loir,2007,150.600000
FRB02,Eure-et-Loir,2008,150.000000
FRB02,Eure-et-Loir,2009,147.700000
FRB02,Eure-et-Loir,2010,148.400000
FRB02,Eure-et-Loir,2011,148.500000
FRB02,Eure-et-Loir,2012,148.500000
FRB02,Eure-et-Loir,2013,147.500000
FRB02,Eure-et-Loir,2014,147.500000
FRB02,Eure-et-Loir,2015,147.600000
FRB02,Eure-et-Loir,2016,148.200000
FRB02,Eure-et-Loir,2017,147.700000
FRB02,Eure-et-Loir,2018,147.200000
FRB02,Eure-et-Loir,2019,147.100000
FRB02,Eure-et-Loir,2020,148.200000
FRB02,Eure-et-Loir,2021,149.900000
FRB02,Eure-et-Loir,2022,152.200000
FRB02,Eure-et-Loir,2023,152.300000
FRB02,Eure-et-Loir,2024,153.700000
FRB03,Indre,2000,90.300000
FRB03,Indre,2001,90.200000
FRB03,Indre,2002,90.300000
FRB03,Indre,2003,91.100000
FRB03,Indre,2004,90.200000
FRB03,Indre,2005,90.100000
FRB03,Indre,2006,89.700000
FRB03,Indre,2007,89.800000
FRB03,Indre,2008,90.400000
FRB03,Indre,2009,89.500000
FRB03,Indre,2010,88.200000
FRB03,Indre,2011,87.000000
FRB03,Indre,2012,86.600000
FRB03,Indre,2013,85.200000
FRB03,Indre,2014,85.200000
FRB03,Indre,2015,84.000000
FRB03,Indre,2016,83.800000
FRB03,Indre,2017,84.300000
FRB03,Indre,2018,83.500000
FRB03,Indre,2019,82.800000
FRB03,Indre,2020,80.700000
FRB03,Indre,2021,81.500000
FRB03,Indre,2022,82.200000
FRB03,Indre,2023,82.500000
FRB03,Indre,2024,83.400000
FRB04,Indre-et-Loire,2000,232.600000
FRB04,Indre-et-Loire,2001,234.300000
FRB04,Indre-et-Loire,2002,236.400000
FRB04,Indre-et-Loire,2003,236.600000
FRB04,Indre-et-Loire,2004,237.200000
FRB04,Indre-et-Loire,2005,239.100000
FRB04,Indre-et-Loire,2006,242.700000
FRB04,Indre-et-Loire,2007,244.500000
FRB04,Indre-et-Loire,2008,246.400000
FRB04,Indre-et-Loire,2009,244.300000
FRB04,Indre-et-Loire,2010,245.900000
FRB04,Indre-et-Loire,2011,245.700000
FRB04,Indre-et-Loire,2012,247.100000
FRB04,Indre-et-Loire,2013,246.800000
FRB04,Indre-et-Loire,2014,247.200000
FRB04,Indre-et-Loire,2015,247.100000
FRB04,Indre-et-Loire,2016,248.500000
FRB04,Indre-et-Loire,2017,251.400000
FRB04,Indre-et-Loire,2018,253.700000
FRB04,Indre-et-Loire,2019,256.200000
FRB04,Indre-et-Loire,2020,256.400000
FRB04,Indre-et-Loire,2021,260.800000
FRB04,Indre-et-Loire,2022,266.100000
FRB04,Indre-et-Loire,2023,270.000000
FRB04,Indre-et-Loire,2024,272.200000
FRB05,Loir-et-Cher,2000,124.800000
FRB05,Loir-et-Cher,2001,127.300000
FRB05,Loir-et-Cher,2002,126.200000
FRB05,Loir-et-Cher,2003,124.100000
FRB05,Loir-et-Cher,2004,125.000000
FRB05,Loir-et-Cher,2005,125.900000
FRB05,Loir-et-Cher,2006,126.200000
FRB05,Loir-et-Cher,2007,126.400000
FRB05,Loir-et-Cher,2008,129.800000
FRB05,Loir-et-Cher,2009,129.900000
FRB05,Loir-et-Cher,2010,129.100000
FRB05,Loir-et-Cher,2011,129.000000
FRB05,Loir-et-Cher,2012,128.300000
FRB05,Loir-et-Cher,2013,127.500000
FRB05,Loir-et-Cher,2014,128.100000
FRB05,Loir-et-Cher,2015,128.000000
FRB05,Loir-et-Cher,2016,128.100000
FRB05,Loir-et-Cher,2017,127.300000
FRB05,Loir-et-Cher,2018,126.900000
FRB05,Loir-et-Cher,2019,126.300000
FRB05,Loir-et-Cher,2020,125.900000
FRB05,Loir-et-Cher,2021,127.100000
FRB05,Loir-et-Cher,2022,129.600000
FRB05,Loir-et-Cher,2023,129.600000
FRB05,Loir-et-Cher,2024,130.400000
FRB06,Loiret,2000,273.000000
FRB06,Loiret,2001,277.700000
FRB06,Loiret,2002,279.000000
FRB06,Loiret,2003,278.400000
FRB06,Loiret,2004,280.000000
FRB06,Loiret,2005,278.800000
FRB06,Loiret,2006,280.700000
FRB06,Loiret,2007,283.700000
FRB06,Loiret,2008,283.500000
FRB06,Loiret,2009,279.900000
FRB06,Loiret,2010,279.200000
FRB06,Loiret,2011,280.000000
FRB06,Loiret,2012,279.500000
FRB06,Loiret,2013,278.200000
FRB06,Loiret,2014,278.300000
FRB06,Loiret,2015,278.300000
FRB06,Loiret,2016,280.300000
FRB06,Loiret,2017,283.700000
FRB06,Loiret,2018,282.700000
FRB06,Loiret,2019,283.200000
FRB06,Loiret,2020,282.800000
FRB06,Loiret,2021,286.300000
FRB06,Loiret,2022,292.000000
FRB06,Loiret,2023,292.800000
FRB06,Loiret,2024,294.800000
FRC11,Côte-d’Or,2000,226.500000
FRC11,Côte-d’Or,2001,228.100000
FRC11,Côte-d’Or,2002,229.400000
FRC11,Côte-d’Or,2003,230.900000
FRC11,Côte-d’Or,2004,230.700000
FRC11,Côte-d’Or,2005,231.400000
FRC11,Côte-d’Or,2006,233.300000
FRC11,Côte-d’Or,2007,238.200000
FRC11,Côte-d’Or,2008,238.800000
FRC11,Côte-d’Or,2009,236.700000
FRC11,Côte-d’Or,2010,235.100000
FRC11,Côte-d’Or,2011,237.700000
FRC11,Côte-d’Or,2012,236.200000
FRC11,Côte-d’Or,2013,236.000000
FRC11,Côte-d’Or,2014,235.900000
FRC11,Côte-d’Or,2015,235.100000
FRC11,Côte-d’Or,2016,235.900000
FRC11,Côte-d’Or,2017,237.500000
FRC11,Côte-d’Or,2018,239.400000
FRC11,Côte-d’Or,2019,235.700000
FRC11,Côte-d’Or,2020,235.400000
FRC11,Côte-d’Or,2021,239.600000
FRC11,Côte-d’Or,2022,244.500000
FRC11,Côte-d’Or,2023,247.200000
FRC11,Côte-d’Or,2024,249.100000
FRC12,Nièvre,2000,84.800000
FRC12,Nièvre,2001,84.200000
FRC12,Nièvre,2002,84.700000
FRC12,Nièvre,2003,84.300000
FRC12,Nièvre,2004,83.200000
FRC12,Nièvre,2005,82.900000
FRC12,Nièvre,2006,82.400000
FRC12,Nièvre,2007,81.600000
FRC12,Nièvre,2008,81.300000
FRC12,Nièvre,2009,79.400000
FRC12,Nièvre,2010,78.000000
FRC12,Nièvre,2011,77.900000
FRC12,Nièvre,2012,77.200000
FRC12,Nièvre,2013,76.300000
FRC12,Nièvre,2014,76.400000
FRC12,Nièvre,2015,75.400000
FRC12,Nièvre,2016,75.800000
FRC12,Nièvre,2017,76.100000
FRC12,Nièvre,2018,75.900000
FRC12,Nièvre,2019,73.300000
FRC12,Nièvre,2020,72.300000
FRC12,Nièvre,2021,72.700000
FRC12,Nièvre,2022,73.300000
FRC12,Nièvre,2023,73.500000
FRC12,Nièvre,2024,74.100000
FRC13,Saône-et-Loire,2000,211.000000
FRC13,Saône-et-Loire,2001,211.900000
FRC13,Saône-et-Loire,2002,212.200000
FRC13,Saône-et-Loire,2003,212.700000
FRC13,Saône-et-Loire,2004,212.900000
FRC13,Saône-et-Loire,2005,212.600000
FRC13,Saône-et-Loire,2006,214.300000
FRC13,Saône-et-Loire,2007,216.100000
FRC13,Saône-et-Loire,2008,215.200000
FRC13,Saône-et-Loire,2009,212.300000
FRC13,Saône-et-Loire,2010,210.200000
FRC13,Saône-et-Loire,2011,210.800000
FRC13,Saône-et-Loire,2012,210.200000
FRC13,Saône-et-Loire,2013,209.800000
FRC13,Saône-et-Loire,2014,208.800000
FRC13,Saône-et-Loire,2015,208.300000
FRC13,Saône-et-Loire,2016,207.700000
FRC13,Saône-et-Loire,2017,208.500000
FRC13,Saône-et-Loire,2018,208.500000
FRC13,Saône-et-Loire,2019,210.200000
FRC13,Saône-et-Loire,2020,209.900000
FRC13,Saône-et-Loire,2021,212.800000
FRC13,Saône-et-Loire,2022,216.600000
FRC13,Saône-et-Loire,2023,216.400000
FRC13,Saône-et-Loire,2024,218.200000
FRC14,Yonne,2000,129.000000
FRC14,Yonne,2001,129.300000
FRC14,Yonne,2002,129.000000
FRC14,Yonne,2003,128.200000
FRC14,Yonne,2004,127.500000
FRC14,Yonne,2005,128.100000
FRC14,Yonne,2006,128.600000
FRC14,Yonne,2007,129.600000
FRC14,Yonne,2008,128.600000
FRC14,Yonne,2009,126.300000
FRC14,Yonne,2010,125.500000
FRC14,Yonne,2011,126.100000
FRC14,Yonne,2012,124.400000
FRC14,Yonne,2013,123.200000
FRC14,Yonne,2014,123.000000
FRC14,Yonne,2015,121.900000
FRC14,Yonne,2016,121.600000
FRC14,Yonne,2017,122.700000
FRC14,Yonne,2018,122.600000
FRC14,Yonne,2019,122.500000
FRC14,Yonne,2020,121.700000
FRC14,Yonne,2021,122.900000
FRC14,Yonne,2022,123.500000
FRC14,Yonne,2023,123.600000
FRC14,Yonne,2024,124.500000
FRC21,Doubs,2000,216.800000
FRC21,Doubs,2001,218.100000
FRC21,Doubs,2002,217.700000
FRC21,Doubs,2003,216.800000
FRC21,Doubs,2004,216.300000
FRC21,Doubs,2005,216.800000
FRC21,Doubs,2006,216.600000
FRC21,Doubs,2007,217.600000
FRC21,Doubs,2008,217.700000
FRC21,Doubs,2009,213.200000
FRC21,Doubs,2010,214.300000
FRC21,Doubs,2011,215.200000
FRC21,Doubs,2012,212.800000
FRC21,Doubs,2013,211.300000
FRC21,Doubs,2014,211.000000
FRC21,Doubs,2015,211.600000
FRC21,Doubs,2016,213.600000
FRC21,Doubs,2017,217.000000
FRC21,Doubs,2018,217.200000
FRC21,Doubs,2019,216.800000
FRC21,Doubs,2020,214.300000
FRC21,Doubs,2021,216.100000
FRC21,Doubs,2022,218.800000
FRC21,Doubs,2023,220.100000
FRC21,Doubs,2024,221.800000
FRC22,Jura,2000,98.500000
FRC22,Jura,2001,98.800000
FRC22,Jura,2002,98.500000
FRC22,Jura,2003,98.100000
FRC22,Jura,2004,98.100000
FRC22,Jura,2005,97.400000
FRC22,Jura,2006,97.500000
FRC22,Jura,2007,97.000000
FRC22,Jura,2008,95.700000
FRC22,Jura,2009,94.100000
FRC22,Jura,2010,94.800000
FRC22,Jura,2011,95.200000
FRC22,Jura,2012,94.300000
FRC22,Jura,2013,94.400000
FRC22,Jura,2014,94.800000
FRC22,Jura,2015,94.300000
FRC22,Jura,2016,94.900000
FRC22,Jura,2017,96.200000
FRC22,Jura,2018,95.800000
FRC22,Jura,2019,96.000000
FRC22,Jura,2020,96.100000
FRC22,Jura,2021,97.000000
FRC22,Jura,2022,98.500000
FRC22,Jura,2023,99.000000
FRC22,Jura,2024,99.700000
FRC23,Haute-Saône,2000,78.800000
FRC23,Haute-Saône,2001,79.600000
FRC23,Haute-Saône,2002,80.200000
FRC23,Haute-Saône,2003,81.100000
FRC23,Haute-Saône,2004,80.500000
FRC23,Haute-Saône,2005,80.500000
FRC23,Haute-Saône,2006,80.600000
FRC23,Haute-Saône,2007,80.800000
FRC23,Haute-Saône,2008,80.400000
FRC23,Haute-Saône,2009,78.500000
FRC23,Haute-Saône,2010,78.600000
FRC23,Haute-Saône,2011,77.900000
FRC23,Haute-Saône,2012,76.400000
FRC23,Haute-Saône,2013,75.600000
FRC23,Haute-Saône,2014,75.300000
FRC23,Haute-Saône,2015,75.400000
FRC23,Haute-Saône,2016,75.100000
FRC23,Haute-Saône,2017,74.900000
FRC23,Haute-Saône,2018,74.800000
FRC23,Haute-Saône,2019,76.600000
FRC23,Haute-Saône,2020,76.700000
FRC23,Haute-Saône,2021,77.500000
FRC23,Haute-Saône,2022,78.500000
FRC23,Haute-Saône,2023,78.100000
FRC23,Haute-Saône,2024,78.900000
FRC24,Territoire de Belfort,2000,56.100000
FRC24,Territoire de Belfort,2001,56.700000
FRC24,Territoire de Belfort,2002,56.300000
FRC24,Territoire de Belfort,2003,56.100000
FRC24,Territoire de Belfort,2004,55.700000
FRC24,Territoire de Belfort,2005,55.000000
FRC24,Territoire de Belfort,2006,55.700000
FRC24,Territoire de Belfort,2007,56.900000
FRC24,Territoire de Belfort,2008,57.400000
FRC24,Territoire de Belfort,2009,56.500000
FRC24,Territoire de Belfort,2010,55.700000
FRC24,Territoire de Belfort,2011,55.400000
FRC24,Territoire de Belfort,2012,54.000000
FRC24,Territoire de Belfort,2013,53.500000
FRC24,Territoire de Belfort,2014,53.100000
FRC24,Territoire de Belfort,2015,53.400000
FRC24,Territoire de Belfort,2016,53.400000
FRC24,Territoire de Belfort,2017,55.400000
FRC24,Territoire de Belfort,2018,54.700000
FRC24,Territoire de Belfort,2019,54.400000
FRC24,Territoire de Belfort,2020,53.200000
FRC24,Territoire de Belfort,2021,53.500000
FRC24,Territoire de Belfort,2022,53.400000
FRC24,Territoire de Belfort,2023,53.600000
FRC24,Territoire de Belfort,2024,54.000000
FRD11,Calvados,2000,271.100000
FRD11,Calvados,2001,272.700000
FRD11,Calvados,2002,274.400000
FRD11,Calvados,2003,276.100000
FRD11,Calvados,2004,276.000000
FRD11,Calvados,2005,277.900000
FRD11,Calvados,2006,279.100000
FRD11,Calvados,2007,284.200000
FRD11,Calvados,2008,284.000000
FRD11,Calvados,2009,281.700000
FRD11,Calvados,2010,279.500000
FRD11,Calvados,2011,281.900000
FRD11,Calvados,2012,281.300000
FRD11,Calvados,2013,280.800000
FRD11,Calvados,2014,281.200000
FRD11,Calvados,2015,281.100000
FRD11,Calvados,2016,283.200000
FRD11,Calvados,2017,285.500000
FRD11,Calvados,2018,287.800000
FRD11,Calvados,2019,290.600000
FRD11,Calvados,2020,290.400000
FRD11,Calvados,2021,297.900000
FRD11,Calvados,2022,304.700000
FRD11,Calvados,2023,309.200000
FRD11,Calvados,2024,311.900000
FRD12,Manche,2000,186.200000
FRD12,Manche,2001,185.900000
FRD12,Manche,2002,187.400000
FRD12,Manche,2003,188.200000
FRD12,Manche,2004,187.600000
FRD12,Manche,2005,187.900000
FRD12,Manche,2006,188.600000
FRD12,Manche,2007,191.000000
FRD12,Manche,2008,190.000000
FRD12,Manche,2009,189.400000
FRD12,Manche,2010,188.700000
FRD12,Manche,2011,189.700000
FRD12,Manche,2012,190.600000
FRD12,Manche,2013,188.200000
FRD12,Manche,2014,189.000000
FRD12,Manche,2015,189.000000
FRD12,Manche,2016,190.700000
FRD12,Manche,2017,194.300000
FRD12,Manche,2018,195.900000
FRD12,Manche,2019,200.600000
FRD12,Manche,2020,200.600000
FRD12,Manche,2021,204.800000
FRD12,Manche,2022,207.000000
FRD12,Manche,2023,207.300000
FRD12,Manche,2024,208.600000
FRD13,Orne,2000,120.000000
FRD13,Orne,2001,117.900000
FRD13,Orne,2002,118.000000
FRD13,Orne,2003,117.100000
FRD13,Orne,2004,114.000000
FRD13,Orne,2005,113.700000
FRD13,Orne,2006,113.400000
FRD13,Orne,2007,114.400000
FRD13,Orne,2008,112.700000
FRD13,Orne,2009,111.400000
FRD13,Orne,2010,110.300000
FRD13,Orne,2011,108.600000
FRD13,Orne,2012,107.300000
FRD13,Orne,2013,106.700000
FRD13,Orne,2014,106.000000
FRD13,Orne,2015,105.100000
FRD13,Orne,2016,105.000000
FRD13,Orne,2017,104.500000
FRD13,Orne,2018,103.600000
FRD13,Orne,2019,104.900000
FRD13,Orne,2020,105.500000
FRD13,Orne,2021,106.500000
FRD13,Orne,2022,107.500000
FRD13,Orne,2023,107.700000
FRD13,Orne,2024,108.500000
FRD21,Eure,2000,199.700000
FRD21,Eure,2001,200.700000
FRD21,Eure,2002,200.800000
FRD21,Eure,2003,200.900000
FRD21,Eure,2004,199.600000
FRD21,Eure,2005,199.400000
FRD21,Eure,2006,199.500000
FRD21,Eure,2007,202.700000
FRD21,Eure,2008,202.200000
FRD21,Eure,2009,196.900000
FRD21,Eure,2010,195.600000
FRD21,Eure,2011,195.200000
FRD21,Eure,2012,195.300000
FRD21,Eure,2013,193.800000
FRD21,Eure,2014,195.100000
FRD21,Eure,2015,194.200000
FRD21,Eure,2016,192.600000
FRD21,Eure,2017,192.900000
FRD21,Eure,2018,193.100000
FRD21,Eure,2019,200.300000
FRD21,Eure,2020,199.100000
FRD21,Eure,2021,202.500000
FRD21,Eure,2022,204.900000
FRD21,Eure,2023,205.600000
FRD21,Eure,2024,207.200000
FRD22,Seine-Maritime,2000,505.500000
FRD22,Seine-Maritime,2001,508.500000
FRD22,Seine-Maritime,2002,512.300000
FRD22,Seine-Maritime,2003,511.400000
FRD22,Seine-Maritime,2004,508.700000
FRD22,Seine-Maritime,2005,511.500000
FRD22,Seine-Maritime,2006,516.500000
FRD22,Seine-Maritime,2007,526.500000
FRD22,Seine-Maritime,2008,528.400000
FRD22,Seine-Maritime,2009,515.500000
FRD22,Seine-Maritime,2010,512.700000
FRD22,Seine-Maritime,2011,516.500000
FRD22,Seine-Maritime,2012,513.500000
FRD22,Seine-Maritime,2013,507.000000
FRD22,Seine-Maritime,2014,510.000000
FRD22,Seine-Maritime,2015,505.500000
FRD22,Seine-Maritime,2016,504.200000
FRD22,Seine-Maritime,2017,504.600000
FRD22,Seine-Maritime,2018,507.600000
FRD22,Seine-Maritime,2019,511.100000
FRD22,Seine-Maritime,2020,512.100000
FRD22,Seine-Maritime,2021,522.300000
FRD22,Seine-Maritime,2022,531.800000
FRD22,Seine-Maritime,2023,536.700000
FRD22,Seine-Maritime,2024,540.400000
FRE11,Nord,2000,1000.600000
FRE11,Nord,2001,1012.700000
FRE11,Nord,2002,1017.500000
FRE11,Nord,2003,1014.700000
FRE11,Nord,2004,1010.200000
FRE11,Nord,2005,1007.100000
FRE11,Nord,2006,1018.700000
FRE11,Nord,2007,1036.800000
FRE11,Nord,2008,1039.300000
FRE11,Nord,2009,1027.000000
FRE11,Nord,2010,1028.500000
FRE11,Nord,2011,1036.600000
FRE11,Nord,2012,1033.100000
FRE11,Nord,2013,1028.500000
FRE11,Nord,2014,1033.300000
FRE11,Nord,2015,1036.600000
FRE11,Nord,2016,1048.900000
FRE11,Nord,2017,1055.600000
FRE11,Nord,2018,1061.100000
FRE11,Nord,2019,1069.700000
FRE11,Nord,2020,1076.900000
FRE11,Nord,2021,1101.800000
FRE11,Nord,2022,1116.700000
FRE11,Nord,2023,1123.400000
FRE11,Nord,2024,1132.000000
FRE12,Pas-de-Calais,2000,479.200000
FRE12,Pas-de-Calais,2001,486.200000
FRE12,Pas-de-Calais,2002,493.000000
FRE12,Pas-de-Calais,2003,493.600000
FRE12,Pas-de-Calais,2004,491.100000
FRE12,Pas-de-Calais,2005,491.900000
FRE12,Pas-de-Calais,2006,495.700000
FRE12,Pas-de-Calais,2007,498.000000
FRE12,Pas-de-Calais,2008,496.200000
FRE12,Pas-de-Calais,2009,493.200000
FRE12,Pas-de-Calais,2010,491.500000
FRE12,Pas-de-Calais,2011,492.000000
FRE12,Pas-de-Calais,2012,488.500000
FRE12,Pas-de-Calais,2013,486.400000
FRE12,Pas-de-Calais,2014,488.900000
FRE12,Pas-de-Calais,2015,489.800000
FRE12,Pas-de-Calais,2016,493.400000
FRE12,Pas-de-Calais,2017,495.900000
FRE12,Pas-de-Calais,2018,494.700000
FRE12,Pas-de-Calais,2019,500.900000
FRE12,Pas-de-Calais,2020,503.500000
FRE12,Pas-de-Calais,2021,515.800000
FRE12,Pas-de-Calais,2022,522.000000
FRE12,Pas-de-Calais,2023,523.400000
FRE12,Pas-de-Calais,2024,527.400000
FRE21,Aisne,2000,184.100000
FRE21,Aisne,2001,185.400000
FRE21,Aisne,2002,184.900000
FRE21,Aisne,2003,184.600000
FRE21,Aisne,2004,181.400000
FRE21,Aisne,2005,181.100000
FRE21,Aisne,2006,182.600000
FRE21,Aisne,2007,184.000000
FRE21,Aisne,2008,182.700000
FRE21,Aisne,2009,178.700000
FRE21,Aisne,2010,176.800000
FRE21,Aisne,2011,175.100000
FRE21,Aisne,2012,172.900000
FRE21,Aisne,2013,171.600000
FRE21,Aisne,2014,171.900000
FRE21,Aisne,2015,171.200000
FRE21,Aisne,2016,170.300000
FRE21,Aisne,2017,169.800000
FRE21,Aisne,2018,168.600000
FRE21,Aisne,2019,171.900000
FRE21,Aisne,2020,170.800000
FRE21,Aisne,2021,173.500000
FRE21,Aisne,2022,174.300000
FRE21,Aisne,2023,173.900000
FRE21,Aisne,2024,175.400000
FRE22,Oise,2000,276.100000
FRE22,Oise,2001,279.600000
FRE22,Oise,2002,280.300000
FRE22,Oise,2003,278.800000
FRE22,Oise,2004,277.300000
FRE22,Oise,2005,277.500000
FRE22,Oise,2006,279.900000
FRE22,Oise,2007,282.900000
FRE22,Oise,2008,283.600000
FRE22,Oise,2009,276.400000
FRE22,Oise,2010,276.300000
FRE22,Oise,2011,276.900000
FRE22,Oise,2012,275.400000
FRE22,Oise,2013,274.600000
FRE22,Oise,2014,274.600000
FRE22,Oise,2015,274.200000
FRE22,Oise,2016,272.200000
FRE22,Oise,2017,273.700000
FRE22,Oise,2018,275.700000
FRE22,Oise,2019,278.100000
FRE22,Oise,2020,278.600000
FRE22,Oise,2021,283.400000
FRE22,Oise,2022,287.100000
FRE22,Oise,2023,287.700000
FRE22,Oise,2024,289.800000
FRE23,Somme,2000,216.600000
FRE23,Somme,2001,219.800000
FRE23,Somme,2002,220.800000
FRE23,Somme,2003,219.800000
FRE23,Somme,2004,219.300000
FRE23,Somme,2005,220.400000
FRE23,Somme,2006,218.700000
FRE23,Somme,2007,221.700000
FRE23,Somme,2008,223.900000
FRE23,Somme,2009,218.500000
FRE23,Somme,2010,217.500000
FRE23,Somme,2011,217.300000
FRE23,Somme,2012,216.800000
FRE23,Somme,2013,215.300000
FRE23,Somme,2014,214.800000
FRE23,Somme,2015,214.800000
FRE23,Somme,2016,215.000000
FRE23,Somme,2017,216.700000
FRE23,Somme,2018,217.300000
FRE23,Somme,2019,217.500000
FRE23,Somme,2020,216.300000
FRE23,Somme,2021,220.400000
FRE23,Somme,2022,223.900000
FRE23,Somme,2023,226.300000
FRE23,Somme,2024,228.300000
FRF11,Bas-Rhin,2000,461.200000
FRF11,Bas-Rhin,2001,463.900000
FRF11,Bas-Rhin,2002,465.300000
FRF11,Bas-Rhin,2003,466.500000
FRF11,Bas-Rhin,2004,465.400000
FRF11,Bas-Rhin,2005,469.300000
FRF11,Bas-Rhin,2006,473.400000
FRF11,Bas-Rhin,2007,478.800000
FRF11,Bas-Rhin,2008,479.800000
FRF11,Bas-Rhin,2009,472.000000
FRF11,Bas-Rhin,2010,475.200000
FRF11,Bas-Rhin,2011,479.800000
FRF11,Bas-Rhin,2012,481.600000
FRF11,Bas-Rhin,2013,481.000000
FRF11,Bas-Rhin,2014,482.300000
FRF11,Bas-Rhin,2015,481.700000
FRF11,Bas-Rhin,2016,487.000000
FRF11,Bas-Rhin,2017,495.200000
FRF11,Bas-Rhin,2018,498.200000
FRF11,Bas-Rhin,2019,505.200000
FRF11,Bas-Rhin,2020,504.800000
FRF11,Bas-Rhin,2021,517.400000
FRF11,Bas-Rhin,2022,528.500000
FRF11,Bas-Rhin,2023,532.900000
FRF11,Bas-Rhin,2024,536.700000
FRF12,Haut-Rhin,2000,288.200000
FRF12,Haut-Rhin,2001,291.000000
FRF12,Haut-Rhin,2002,290.400000
FRF12,Haut-Rhin,2003,290.000000
FRF12,Haut-Rhin,2004,287.100000
FRF12,Haut-Rhin,2005,285.400000
FRF12,Haut-Rhin,2006,285.300000
FRF12,Haut-Rhin,2007,288.500000
FRF12,Haut-Rhin,2008,289.100000
FRF12,Haut-Rhin,2009,285.600000
FRF12,Haut-Rhin,2010,284.300000
FRF12,Haut-Rhin,2011,285.400000
FRF12,Haut-Rhin,2012,284.500000
FRF12,Haut-Rhin,2013,282.500000
FRF12,Haut-Rhin,2014,282.300000
FRF12,Haut-Rhin,2015,282.200000
FRF12,Haut-Rhin,2016,282.300000
FRF12,Haut-Rhin,2017,287.100000
FRF12,Haut-Rhin,2018,288.000000
FRF12,Haut-Rhin,2019,287.000000
FRF12,Haut-Rhin,2020,284.400000
FRF12,Haut-Rhin,2021,290.400000
FRF12,Haut-Rhin,2022,294.400000
FRF12,Haut-Rhin,2023,295.800000
FRF12,Haut-Rhin,2024,298.100000
FRF21,Ardennes,2000,101.900000
FRF21,Ardennes,2001,102.600000
FRF21,Ardennes,2002,101.400000
FRF21,Ardennes,2003,99.600000
FRF21,Ardennes,2004,99.800000
FRF21,Ardennes,2005,98.700000
FRF21,Ardennes,2006,98.700000
FRF21,Ardennes,2007,99.100000
FRF21,Ardennes,2008,97.200000
FRF21,Ardennes,2009,96.100000
FRF21,Ardennes,2010,97.000000
FRF21,Ardennes,2011,96.100000
FRF21,Ardennes,2012,93.600000
FRF21,Ardennes,2013,93.300000
FRF21,Ardennes,2014,93.300000
FRF21,Ardennes,2015,92.200000
FRF21,Ardennes,2016,91.600000
FRF21,Ardennes,2017,92.700000
FRF21,Ardennes,2018,90.800000
FRF21,Ardennes,2019,89.900000
FRF21,Ardennes,2020,89.600000
FRF21,Ardennes,2021,90.200000
FRF21,Ardennes,2022,91.500000
FRF21,Ardennes,2023,91.600000
FRF21,Ardennes,2024,92.400000
FRF22,Aube,2000,118.200000
FRF22,Aube,2001,118.900000
FRF22,Aube,2002,119.100000
FRF22,Aube,2003,118.600000
FRF22,Aube,2004,118.400000
FRF22,Aube,2005,117.500000
FRF22,Aube,2006,117.600000
FRF22,Aube,2007,118.600000
FRF22,Aube,2008,119.200000
FRF22,Aube,2009,117.700000
FRF22,Aube,2010,116.800000
FRF22,Aube,2011,117.300000
FRF22,Aube,2012,116.900000
FRF22,Aube,2013,115.400000
FRF22,Aube,2014,115.200000
FRF22,Aube,2015,113.800000
FRF22,Aube,2016,113.400000
FRF22,Aube,2017,114.400000
FRF22,Aube,2018,114.600000
FRF22,Aube,2019,115.000000
FRF22,Aube,2020,114.900000
FRF22,Aube,2021,115.800000
FRF22,Aube,2022,117.000000
FRF22,Aube,2023,116.600000
FRF22,Aube,2024,117.500000
FRF23,Marne,2000,249.200000
FRF23,Marne,2001,252.300000
FRF23,Marne,2002,251.500000
FRF23,Marne,2003,249.800000
FRF23,Marne,2004,248.600000
FRF23,Marne,2005,249.300000
FRF23,Marne,2006,250.300000
FRF23,Marne,2007,252.100000
FRF23,Marne,2008,251.700000
FRF23,Marne,2009,247.700000
FRF23,Marne,2010,247.200000
FRF23,Marne,2011,246.600000
FRF23,Marne,2012,246.100000
FRF23,Marne,2013,242.800000
FRF23,Marne,2014,243.000000
FRF23,Marne,2015,242.100000
FRF23,Marne,2016,243.500000
FRF23,Marne,2017,246.300000
FRF23,Marne,2018,246.300000
FRF23,Marne,2019,244.500000
FRF23,Marne,2020,242.800000
FRF23,Marne,2021,247.300000
FRF23,Marne,2022,251.200000
FRF23,Marne,2023,253.000000
FRF23,Marne,2024,255.000000
FRF24,Haute-Marne,2000,77.700000
FRF24,Haute-Marne,2001,77.700000
FRF24,Haute-Marne,2002,77.800000
FRF24,Haute-Marne,2003,76.100000
FRF24,Haute-Marne,2004,75.200000
FRF24,Haute-Marne,2005,75.400000
FRF24,Haute-Marne,2006,74.500000
FRF24,Haute-Marne,2007,75.500000
FRF24,Haute-Marne,2008,73.800000
FRF24,Haute-Marne,2009,72.600000
FRF24,Haute-Marne,2010,73.700000
FRF24,Haute-Marne,2011,73.500000
FRF24,Haute-Marne,2012,71.300000
FRF24,Haute-Marne,2013,71.200000
FRF24,Haute-Marne,2014,70.800000
FRF24,Haute-Marne,2015,70.200000
FRF24,Haute-Marne,2016,70.800000
FRF24,Haute-Marne,2017,71.200000
FRF24,Haute-Marne,2018,70.800000
FRF24,Haute-Marne,2019,67.300000
FRF24,Haute-Marne,2020,66.500000
FRF24,Haute-Marne,2021,67.800000
FRF24,Haute-Marne,2022,68.200000
FRF24,Haute-Marne,2023,67.800000
FRF24,Haute-Marne,2024,68.500000
FRF31,Meurthe-et-Moselle,2000,272.500000
FRF31,Meurthe-et-Moselle,2001,277.200000
FRF31,Meurthe-et-Moselle,2002,277.200000
FRF31,Meurthe-et-Moselle,2003,275.900000
FRF31,Meurthe-et-Moselle,2004,273.500000
FRF31,Meurthe-et-Moselle,2005,271.500000
FRF31,Meurthe-et-Moselle,2006,271.600000
FRF31,Meurthe-et-Moselle,2007,275.800000
FRF31,Meurthe-et-Moselle,2008,276.900000
FRF31,Meurthe-et-Moselle,2009,273.000000
FRF31,Meurthe-et-Moselle,2010,271.000000
FRF31,Meurthe-et-Moselle,2011,271.100000
FRF31,Meurthe-et-Moselle,2012,268.900000
FRF31,Meurthe-et-Moselle,2013,265.900000
FRF31,Meurthe-et-Moselle,2014,266.400000
FRF31,Meurthe-et-Moselle,2015,264.200000
FRF31,Meurthe-et-Moselle,2016,264.400000
FRF31,Meurthe-et-Moselle,2017,265.600000
FRF31,Meurthe-et-Moselle,2018,266.200000
FRF31,Meurthe-et-Moselle,2019,266.500000
FRF31,Meurthe-et-Moselle,2020,266.900000
FRF31,Meurthe-et-Moselle,2021,269.700000
FRF31,Meurthe-et-Moselle,2022,273.300000
FRF31,Meurthe-et-Moselle,2023,275.100000
FRF31,Meurthe-et-Moselle,2024,277.200000
FRF32,Meuse,2000,70.200000
FRF32,Meuse,2001,70.000000
FRF32,Meuse,2002,69.700000
FRF32,Meuse,2003,69.300000
FRF32,Meuse,2004,69.300000
FRF32,Meuse,2005,68.500000
FRF32,Meuse,2006,68.100000
FRF32,Meuse,2007,67.800000
FRF32,Meuse,2008,67.300000
FRF32,Meuse,2009,65.500000
FRF32,Meuse,2010,65.600000
FRF32,Meuse,2011,64.400000
FRF32,Meuse,2012,64.200000
FRF32,Meuse,2013,63.800000
FRF32,Meuse,2014,63.200000
FRF32,Meuse,2015,62.200000
FRF32,Meuse,2016,62.000000
FRF32,Meuse,2017,62.000000
FRF32,Meuse,2018,61.700000
FRF32,Meuse,2019,62.800000
FRF32,Meuse,2020,62.400000
FRF32,Meuse,2021,62.300000
FRF32,Meuse,2022,62.600000
FRF32,Meuse,2023,62.800000
FRF32,Meuse,2024,63.300000
FRF33,Moselle,2000,378.700000
FRF33,Moselle,2001,380.100000
FRF33,Moselle,2002,379.000000
FRF33,Moselle,2003,378.900000
FRF33,Moselle,2004,375.700000
FRF33,Moselle,2005,374.700000
FRF33,Moselle,2006,376.300000
FRF33,Moselle,2007,381.200000
FRF33,Moselle,2008,379.500000
FRF33,Moselle,2009,371.400000
FRF33,Moselle,2010,371.100000
FRF33,Moselle,2011,371.900000
FRF33,Moselle,2012,367.200000
FRF33,Moselle,2013,363.500000
FRF33,Moselle,2014,362.800000
FRF33,Moselle,2015,361.100000
FRF33,Moselle,2016,361.000000
FRF33,Moselle,2017,364.500000
FRF33,Moselle,2018,362.000000
FRF33,Moselle,2019,356.900000
FRF33,Moselle,2020,356.600000
FRF33,Moselle,2021,365.100000
FRF33,Moselle,2022,370.300000
FRF33,Moselle,2023,370.200000
FRF33,Moselle,2024,373.100000
FRF34,Vosges,2000,148.600000
FRF34,Vosges,2001,148.200000
FRF34,Vosges,2002,147.900000
FRF34,Vosges,2003,148.800000
FRF34,Vosges,2004,146.000000
FRF34,Vosges,2005,146.000000
FRF34,Vosges,2006,145.800000
FRF34,Vosges,2007,146.100000
FRF34,Vosges,2008,144.000000
FRF34,Vosges,2009,142.200000
FRF34,Vosges,2010,141.300000
FRF34,Vosges,2011,138.800000
FRF34,Vosges,2012,136.600000
FRF34,Vosges,2013,133.900000
FRF34,Vosges,2014,133.800000
FRF34,Vosges,2015,133.300000
FRF34,Vosges,2016,134.300000
FRF34,Vosges,2017,134.000000
FRF34,Vosges,2018,132.500000
FRF34,Vosges,2019,134.700000
FRF34,Vosges,2020,134.600000
FRF34,Vosges,2021,137.300000
FRF34,Vosges,2022,138.500000
FRF34,Vosges,2023,138.600000
FRF34,Vosges,2024,140.100000
FRG01,Loire-Atlantique,2000,505.000000
FRG01,Loire-Atlantique,2001,516.600000
FRG01,Loire-Atlantique,2002,520.800000
FRG01,Loire-Atlantique,2003,525.500000
FRG01,Loire-Atlantique,2004,532.200000
FRG01,Loire-Atlantique,2005,541.100000
FRG01,Loire-Atlantique,2006,551.400000
FRG01,Loire-Atlantique,2007,567.400000
FRG01,Loire-Atlantique,2008,577.600000
FRG01,Loire-Atlantique,2009,571.000000
FRG01,Loire-Atlantique,2010,576.700000
FRG01,Loire-Atlantique,2011,586.900000
FRG01,Loire-Atlantique,2012,597.000000
FRG01,Loire-Atlantique,2013,598.000000
FRG01,Loire-Atlantique,2014,606.100000
FRG01,Loire-Atlantique,2015,614.300000
FRG01,Loire-Atlantique,2016,627.000000
FRG01,Loire-Atlantique,2017,645.200000
FRG01,Loire-Atlantique,2018,658.600000
FRG01,Loire-Atlantique,2019,672.600000
FRG01,Loire-Atlantique,2020,673.700000
FRG01,Loire-Atlantique,2021,695.100000
FRG01,Loire-Atlantique,2022,716.300000
FRG01,Loire-Atlantique,2023,728.400000
FRG01,Loire-Atlantique,2024,733.000000
FRG02,Maine-et-Loire,2000,306.600000
FRG02,Maine-et-Loire,2001,311.600000
FRG02,Maine-et-Loire,2002,313.100000
FRG02,Maine-et-Loire,2003,314.600000
FRG02,Maine-et-Loire,2004,314.100000
FRG02,Maine-et-Loire,2005,314.800000
FRG02,Maine-et-Loire,2006,319.100000
FRG02,Maine-et-Loire,2007,321.900000
FRG02,Maine-et-Loire,2008,325.200000
FRG02,Maine-et-Loire,2009,321.400000
FRG02,Maine-et-Loire,2010,322.900000
FRG02,Maine-et-Loire,2011,324.400000
FRG02,Maine-et-Loire,2012,324.900000
FRG02,Maine-et-Loire,2013,323.500000
FRG02,Maine-et-Loire,2014,323.800000
FRG02,Maine-et-Loire,2015,324.100000
FRG02,Maine-et-Loire,2016,327.400000
FRG02,Maine-et-Loire,2017,331.600000
FRG02,Maine-et-Loire,2018,336.600000
FRG02,Maine-et-Loire,2019,340.000000
FRG02,Maine-et-Loire,2020,342.300000
FRG02,Maine-et-Loire,2021,350.900000
FRG02,Maine-et-Loire,2022,357.700000
FRG02,Maine-et-Loire,2023,361.600000
FRG02,Maine-et-Loire,2024,364.200000
FRG03,Mayenne,2000,125.500000
FRG03,Mayenne,2001,125.600000
FRG03,Mayenne,2002,125.300000
FRG03,Mayenne,2003,124.900000
FRG03,Mayenne,2004,123.900000
FRG03,Mayenne,2005,124.900000
FRG03,Mayenne,2006,126.200000
FRG03,Mayenne,2007,126.800000
FRG03,Mayenne,2008,125.900000
FRG03,Mayenne,2009,124.700000
FRG03,Mayenne,2010,124.400000
FRG03,Mayenne,2011,123.600000
FRG03,Mayenne,2012,123.600000
FRG03,Mayenne,2013,124.200000
FRG03,Mayenne,2014,124.900000
FRG03,Mayenne,2015,124.800000
FRG03,Mayenne,2016,124.900000
FRG03,Mayenne,2017,126.900000
FRG03,Mayenne,2018,127.500000
FRG03,Mayenne,2019,127.100000
FRG03,Mayenne,2020,127.000000
FRG03,Mayenne,2021,128.900000
FRG03,Mayenne,2022,130.400000
FRG03,Mayenne,2023,131.800000
FRG03,Mayenne,2024,132.700000
FRG04,Sarthe,2000,220.600000
FRG04,Sarthe,2001,220.900000
FRG04,Sarthe,2002,224.900000
FRG04,Sarthe,2003,225.100000
FRG04,Sarthe,2004,223.100000
FRG04,Sarthe,2005,223.200000
FRG04,Sarthe,2006,223.300000
FRG04,Sarthe,2007,225.300000
FRG04,Sarthe,2008,223.100000
FRG04,Sarthe,2009,220.200000
FRG04,Sarthe,2010,220.300000
FRG04,Sarthe,2011,219.400000
FRG04,Sarthe,2012,219.000000
FRG04,Sarthe,2013,217.600000
FRG04,Sarthe,2014,216.900000
FRG04,Sarthe,2015,217.300000
FRG04,Sarthe,2016,218.600000
FRG04,Sarthe,2017,220.000000
FRG04,Sarthe,2018,219.700000
FRG04,Sarthe,2019,219.300000
FRG04,Sarthe,2020,220.500000
FRG04,Sarthe,2021,224.400000
FRG04,Sarthe,2022,228.600000
FRG04,Sarthe,2023,229.800000
FRG04,Sarthe,2024,231.200000
FRG05,Vendée,2000,227.300000
FRG05,Vendée,2001,232.000000
FRG05,Vendée,2002,235.400000
FRG05,Vendée,2003,237.800000
FRG05,Vendée,2004,239.500000
FRG05,Vendée,2005,243.700000
FRG05,Vendée,2006,248.000000
FRG05,Vendée,2007,253.200000
FRG05,Vendée,2008,253.000000
FRG05,Vendée,2009,249.700000
FRG05,Vendée,2010,252.100000
FRG05,Vendée,2011,253.700000
FRG05,Vendée,2012,255.800000
FRG05,Vendée,2013,256.100000
FRG05,Vendée,2014,257.900000
FRG05,Vendée,2015,260.400000
FRG05,Vendée,2016,265.200000
FRG05,Vendée,2017,271.100000
FRG05,Vendée,2018,273.600000
FRG05,Vendée,2019,279.100000
FRG05,Vendée,2020,282.300000
FRG05,Vendée,2021,290.300000
FRG05,Vendée,2022,297.100000
FRG05,Vendée,2023,301.200000
FRG05,Vendée,2024,303.200000
FRH01,Côtes-d’Armor,2000,208.900000
FRH01,Côtes-d’Armor,2001,212.400000
FRH01,Côtes-d’Armor,2002,212.400000
FRH01,Côtes-d’Armor,2003,213.400000
FRH01,Côtes-d’Armor,2004,214.500000
FRH01,Côtes-d’Armor,2005,216.700000
FRH01,Côtes-d’Armor,2006,218.900000
FRH01,Côtes-d’Armor,2007,221.000000
FRH01,Côtes-d’Armor,2008,221.300000
FRH01,Côtes-d’Armor,2009,218.500000
FRH01,Côtes-d’Armor,2010,217.000000
FRH01,Côtes-d’Armor,2011,219.600000
FRH01,Côtes-d’Armor,2012,220.200000
FRH01,Côtes-d’Armor,2013,219.400000
FRH01,Côtes-d’Armor,2014,221.100000
FRH01,Côtes-d’Armor,2015,221.500000
FRH01,Côtes-d’Armor,2016,221.700000
FRH01,Côtes-d’Armor,2017,223.300000
FRH01,Côtes-d’Armor,2018,225.600000
FRH01,Côtes-d’Armor,2019,228.800000
FRH01,Côtes-d’Armor,2020,229.500000
FRH01,Côtes-d’Armor,2021,233.400000
FRH01,Côtes-d’Armor,2022,237.500000
FRH01,Côtes-d’Armor,2023,241.100000
FRH01,Côtes-d’Armor,2024,243.100000
FRH02,Finistère,2000,341.800000
FRH02,Finistère,2001,345.400000
FRH02,Finistère,2002,349.500000
FRH02,Finistère,2003,350.600000
FRH02,Finistère,2004,352.400000
FRH02,Finistère,2005,354.100000
FRH02,Finistère,2006,356.000000
FRH02,Finistère,2007,358.300000
FRH02,Finistère,2008,360.000000
FRH02,Finistère,2009,356.900000
FRH02,Finistère,2010,357.500000
FRH02,Finistère,2011,359.500000
FRH02,Finistère,2012,358.300000
FRH02,Finistère,2013,355.900000
FRH02,Finistère,2014,356.800000
FRH02,Finistère,2015,356.800000
FRH02,Finistère,2016,358.200000
FRH02,Finistère,2017,360.800000
FRH02,Finistère,2018,361.300000
FRH02,Finistère,2019,363.700000
FRH02,Finistère,2020,365.600000
FRH02,Finistère,2021,374.800000
FRH02,Finistère,2022,382.600000
FRH02,Finistère,2023,387.700000
FRH02,Finistère,2024,391.100000
FRH03,Ille-et-Vilaine,2000,402.700000
FRH03,Ille-et-Vilaine,2001,409.400000
FRH03,Ille-et-Vilaine,2002,413.900000
FRH03,Ille-et-Vilaine,2003,416.800000
FRH03,Ille-et-Vilaine,2004,423.400000
FRH03,Ille-et-Vilaine,2005,425.400000
FRH03,Ille-et-Vilaine,2006,432.100000
FRH03,Ille-et-Vilaine,2007,442.300000
FRH03,Ille-et-Vilaine,2008,445.600000
FRH03,Ille-et-Vilaine,2009,443.900000
FRH03,Ille-et-Vilaine,2010,450.000000
FRH03,Ille-et-Vilaine,2011,454.900000
FRH03,Ille-et-Vilaine,2012,457.000000
FRH03,Ille-et-Vilaine,2013,460.500000
FRH03,Ille-et-Vilaine,2014,465.200000
FRH03,Ille-et-Vilaine,2015,471.800000
FRH03,Ille-et-Vilaine,2016,479.300000
FRH03,Ille-et-Vilaine,2017,491.500000
FRH03,Ille-et-Vilaine,2018,500.200000
FRH03,Ille-et-Vilaine,2019,502.400000
FRH03,Ille-et-Vilaine,2020,504.900000
FRH03,Ille-et-Vilaine,2021,518.300000
FRH03,Ille-et-Vilaine,2022,533.900000
FRH03,Ille-et-Vilaine,2023,546.300000
FRH03,Ille-et-Vilaine,2024,550.000000
FRH04,Morbihan,2000,251.800000
FRH04,Morbihan,2001,256.300000
FRH04,Morbihan,2002,259.500000
FRH04,Morbihan,2003,260.700000
FRH04,Morbihan,2004,263.200000
FRH04,Morbihan,2005,266.400000
FRH04,Morbihan,2006,270.100000
FRH04,Morbihan,2007,272.900000
FRH04,Morbihan,2008,275.700000
FRH04,Morbihan,2009,273.000000
FRH04,Morbihan,2010,275.300000
FRH04,Morbihan,2011,277.400000
FRH04,Morbihan,2012,277.000000
FRH04,Morbihan,2013,275.600000
FRH04,Morbihan,2014,277.400000
FRH04,Morbihan,2015,278.900000
FRH04,Morbihan,2016,279.700000
FRH04,Morbihan,2017,283.800000
FRH04,Morbihan,2018,287.000000
FRH04,Morbihan,2019,292.100000
FRH04,Morbihan,2020,294.800000
FRH04,Morbihan,2021,303.300000
FRH04,Morbihan,2022,311.900000
FRH04,Morbihan,2023,315.700000
FRH04,Morbihan,2024,318.300000
FRI11,Dordogne,2000,144.900000
FRI11,Dordogne,2001,146.100000
FRI11,Dordogne,2002,146.300000
FRI11,Dordogne,2003,145.100000
FRI11,Dordogne,2004,146.200000
FRI11,Dordogne,2005,146.500000
FRI11,Dordogne,2006,147.300000
FRI11,Dordogne,2007,149.300000
FRI11,Dordogne,2008,148.000000
FRI11,Dordogne,2009,147.400000
FRI11,Dordogne,2010,146.400000
FRI11,Dordogne,2011,145.400000
FRI11,Dordogne,2012,145.000000
FRI11,Dordogne,2013,144.500000
FRI11,Dordogne,2014,144.500000
FRI11,Dordogne,2015,144.300000
FRI11,Dordogne,2016,145.000000
FRI11,Dordogne,2017,145.200000
FRI11,Dordogne,2018,145.200000
FRI11,Dordogne,2019,148.200000
FRI11,Dordogne,2020,150.000000
FRI11,Dordogne,2021,153.400000
FRI11,Dordogne,2022,156.100000
FRI11,Dordogne,2023,157.100000
FRI11,Dordogne,2024,158.400000
FRI12,Gironde,2000,587.000000
FRI12,Gironde,2001,592.200000
FRI12,Gironde,2002,598.100000
FRI12,Gironde,2003,599.200000
FRI12,Gironde,2004,601.500000
FRI12,Gironde,2005,608.100000
FRI12,Gironde,2006,619.600000
FRI12,Gironde,2007,633.600000
FRI12,Gironde,2008,641.600000
FRI12,Gironde,2009,641.800000
FRI12,Gironde,2010,646.500000
FRI12,Gironde,2011,658.400000
FRI12,Gironde,2012,668.900000
FRI12,Gironde,2013,677.700000
FRI12,Gironde,2014,684.300000
FRI12,Gironde,2015,692.500000
FRI12,Gironde,2016,703.800000
FRI12,Gironde,2017,720.300000
FRI12,Gironde,2018,740.800000
FRI12,Gironde,2019,750.200000
FRI12,Gironde,2020,757.700000
FRI12,Gironde,2021,783.000000
FRI12,Gironde,2022,804.900000
FRI12,Gironde,2023,812.700000
FRI12,Gironde,2024,819.900000
FRI13,Landes,2000,131.500000
FRI13,Landes,2001,131.900000
FRI13,Landes,2002,133.800000
FRI13,Landes,2003,134.400000
FRI13,Landes,2004,134.800000
FRI13,Landes,2005,136.800000
FRI13,Landes,2006,137.800000
FRI13,Landes,2007,140.400000
FRI13,Landes,2008,141.100000
FRI13,Landes,2009,141.300000
FRI13,Landes,2010,141.300000
FRI13,Landes,2011,143.300000
FRI13,Landes,2012,143.400000
FRI13,Landes,2013,143.500000
FRI13,Landes,2014,145.300000
FRI13,Landes,2015,145.100000
FRI13,Landes,2016,146.000000
FRI13,Landes,2017,147.700000
FRI13,Landes,2018,150.100000
FRI13,Landes,2019,154.400000
FRI13,Landes,2020,157.100000
FRI13,Landes,2021,162.500000
FRI13,Landes,2022,166.500000
FRI13,Landes,2023,168.200000
FRI13,Landes,2024,170.000000
FRI14,Lot-et-Garonne,2000,120.300000
FRI14,Lot-et-Garonne,2001,121.500000
FRI14,Lot-et-Garonne,2002,123.600000
FRI14,Lot-et-Garonne,2003,123.000000
FRI14,Lot-et-Garonne,2004,123.600000
FRI14,Lot-et-Garonne,2005,123.900000
FRI14,Lot-et-Garonne,2006,124.800000
FRI14,Lot-et-Garonne,2007,125.000000
FRI14,Lot-et-Garonne,2008,124.400000
FRI14,Lot-et-Garonne,2009,122.600000
FRI14,Lot-et-Garonne,2010,122.900000
FRI14,Lot-et-Garonne,2011,123.400000
FRI14,Lot-et-Garonne,2012,124.300000
FRI14,Lot-et-Garonne,2013,124.500000
FRI14,Lot-et-Garonne,2014,124.600000
FRI14,Lot-et-Garonne,2015,124.000000
FRI14,Lot-et-Garonne,2016,124.900000
FRI14,Lot-et-Garonne,2017,125.600000
FRI14,Lot-et-Garonne,2018,126.100000
FRI14,Lot-et-Garonne,2019,127.400000
FRI14,Lot-et-Garonne,2020,128.200000
FRI14,Lot-et-Garonne,2021,131.100000
FRI14,Lot-et-Garonne,2022,132.800000
FRI14,Lot-et-Garonne,2023,133.200000
FRI14,Lot-et-Garonne,2024,134.600000
FRI15,Pyrénées-Atlantiques,2000,246.300000
FRI15,Pyrénées-Atlantiques,2001,251.200000
FRI15,Pyrénées-Atlantiques,2002,253.800000
FRI15,Pyrénées-Atlantiques,2003,253.700000
FRI15,Pyrénées-Atlantiques,2004,255.200000
FRI15,Pyrénées-Atlantiques,2005,258.900000
FRI15,Pyrénées-Atlantiques,2006,262.700000
FRI15,Pyrénées-Atlantiques,2007,266.000000
FRI15,Pyrénées-Atlantiques,2008,268.100000
FRI15,Pyrénées-Atlantiques,2009,264.700000
FRI15,Pyrénées-Atlantiques,2010,266.600000
FRI15,Pyrénées-Atlantiques,2011,270.100000
FRI15,Pyrénées-Atlantiques,2012,272.500000
FRI15,Pyrénées-Atlantiques,2013,272.300000
FRI15,Pyrénées-Atlantiques,2014,273.600000
FRI15,Pyrénées-Atlantiques,2015,274.900000
FRI15,Pyrénées-Atlantiques,2016,276.800000
FRI15,Pyrénées-Atlantiques,2017,280.000000
FRI15,Pyrénées-Atlantiques,2018,282.500000
FRI15,Pyrénées-Atlantiques,2019,286.100000
FRI15,Pyrénées-Atlantiques,2020,287.500000
FRI15,Pyrénées-Atlantiques,2021,296.900000
FRI15,Pyrénées-Atlantiques,2022,303.200000
FRI15,Pyrénées-Atlantiques,2023,306.700000
FRI15,Pyrénées-Atlantiques,2024,309.200000
FRI21,Corrèze,2000,95.000000
FRI21,Corrèze,2001,95.700000
FRI21,Corrèze,2002,96.500000
FRI21,Corrèze,2003,95.700000
FRI21,Corrèze,2004,96.300000
FRI21,Corrèze,2005,98.100000
FRI21,Corrèze,2006,98.400000
FRI21,Corrèze,2007,99.400000
FRI21,Corrèze,2008,97.900000
FRI21,Corrèze,2009,96.500000
FRI21,Corrèze,2010,96.800000
FRI21,Corrèze,2011,96.000000
FRI21,Corrèze,2012,95.700000
FRI21,Corrèze,2013,95.600000
FRI21,Corrèze,2014,95.600000
FRI21,Corrèze,2015,94.600000
FRI21,Corrèze,2016,96.000000
FRI21,Corrèze,2017,96.000000
FRI21,Corrèze,2018,95.300000
FRI21,Corrèze,2019,95.000000
FRI21,Corrèze,2020,95.200000
FRI21,Corrèze,2021,96.500000
FRI21,Corrèze,2022,97.500000
FRI21,Corrèze,2023,98.300000
FRI21,Corrèze,2024,98.900000
FRI22,Creuse,2000,44.300000
FRI22,Creuse,2001,44.700000
FRI22,Creuse,2002,44.500000
FRI22,Creuse,2003,44.300000
FRI22,Creuse,2004,44.000000
FRI22,Creuse,2005,43.900000
FRI22,Creuse,2006,43.600000
FRI22,Creuse,2007,43.700000
FRI22,Creuse,2008,43.600000
FRI22,Creuse,2009,42.700000
FRI22,Creuse,2010,42.200000
FRI22,Creuse,2011,41.900000
FRI22,Creuse,2012,41.700000
FRI22,Creuse,2013,41.200000
FRI22,Creuse,2014,41.300000
FRI22,Creuse,2015,41.300000
FRI22,Creuse,2016,41.500000
FRI22,Creuse,2017,40.700000
FRI22,Creuse,2018,40.300000
FRI22,Creuse,2019,41.400000
FRI22,Creuse,2020,41.400000
FRI22,Creuse,2021,41.600000
FRI22,Creuse,2022,41.800000
FRI22,Creuse,2023,41.800000
FRI22,Creuse,2024,42.300000
FRI23,Haute-Vienne,2000,147.500000
FRI23,Haute-Vienne,2001,148.500000
FRI23,Haute-Vienne,2002,148.100000
FRI23,Haute-Vienne,2003,146.800000
FRI23,Haute-Vienne,2004,146.300000
FRI23,Haute-Vienne,2005,147.000000
FRI23,Haute-Vienne,2006,148.500000
FRI23,Haute-Vienne,2007,149.600000
FRI23,Haute-Vienne,2008,149.300000
FRI23,Haute-Vienne,2009,146.300000
FRI23,Haute-Vienne,2010,145.100000
FRI23,Haute-Vienne,2011,144.800000
FRI23,Haute-Vienne,2012,143.600000
FRI23,Haute-Vienne,2013,142.300000
FRI23,Haute-Vienne,2014,141.900000
FRI23,Haute-Vienne,2015,141.500000
FRI23,Haute-Vienne,2016,141.800000
FRI23,Haute-Vienne,2017,143.200000
FRI23,Haute-Vienne,2018,143.000000
FRI23,Haute-Vienne,2019,144.700000
FRI23,Haute-Vienne,2020,145.300000
FRI23,Haute-Vienne,2021,147.700000
FRI23,Haute-Vienne,2022,150.000000
FRI23,Haute-Vienne,2023,149.200000
FRI23,Haute-Vienne,2024,150.900000
FRI31,Charente,2000,137.200000
FRI31,Charente,2001,137.900000
FRI31,Charente,2002,138.400000
FRI31,Charente,2003,138.400000
FRI31,Charente,2004,138.500000
FRI31,Charente,2005,137.900000
FRI31,Charente,2006,138.900000
FRI31,Charente,2007,139.300000
FRI31,Charente,2008,138.900000
FRI31,Charente,2009,137.300000
FRI31,Charente,2010,138.000000
FRI31,Charente,2011,137.400000
FRI31,Charente,2012,137.300000
FRI31,Charente,2013,137.700000
FRI31,Charente,2014,137.500000
FRI31,Charente,2015,137.500000
FRI31,Charente,2016,138.500000
FRI31,Charente,2017,138.700000
FRI31,Charente,2018,139.800000
FRI31,Charente,2019,141.500000
FRI31,Charente,2020,141.700000
FRI31,Charente,2021,144.300000
FRI31,Charente,2022,147.300000
FRI31,Charente,2023,147.500000
FRI31,Charente,2024,148.700000
FRI32,Charente-Maritime,2000,212.300000
FRI32,Charente-Maritime,2001,216.600000
FRI32,Charente-Maritime,2002,218.500000
FRI32,Charente-Maritime,2003,219.200000
FRI32,Charente-Maritime,2004,221.300000
FRI32,Charente-Maritime,2005,223.700000
FRI32,Charente-Maritime,2006,226.900000
FRI32,Charente-Maritime,2007,229.700000
FRI32,Charente-Maritime,2008,231.600000
FRI32,Charente-Maritime,2009,228.700000
FRI32,Charente-Maritime,2010,229.900000
FRI32,Charente-Maritime,2011,230.400000
FRI32,Charente-Maritime,2012,231.900000
FRI32,Charente-Maritime,2013,231.800000
FRI32,Charente-Maritime,2014,232.200000
FRI32,Charente-Maritime,2015,231.900000
FRI32,Charente-Maritime,2016,234.900000
FRI32,Charente-Maritime,2017,238.400000
FRI32,Charente-Maritime,2018,241.100000
FRI32,Charente-Maritime,2019,249.700000
FRI32,Charente-Maritime,2020,251.300000
FRI32,Charente-Maritime,2021,258.300000
FRI32,Charente-Maritime,2022,263.700000
FRI32,Charente-Maritime,2023,267.600000
FRI32,Charente-Maritime,2024,270.200000
FRI33,Deux-Sèvres,2000,148.600000
FRI33,Deux-Sèvres,2001,150.500000
FRI33,Deux-Sèvres,2002,150.200000
FRI33,Deux-Sèvres,2003,148.800000
FRI33,Deux-Sèvres,2004,150.000000
FRI33,Deux-Sèvres,2005,148.800000
FRI33,Deux-Sèvres,2006,150.700000
FRI33,Deux-Sèvres,2007,152.100000
FRI33,Deux-Sèvres,2008,152.100000
FRI33,Deux-Sèvres,2009,151.700000
FRI33,Deux-Sèvres,2010,151.600000
FRI33,Deux-Sèvres,2011,152.400000
FRI33,Deux-Sèvres,2012,153.300000
FRI33,Deux-Sèvres,2013,152.700000
FRI33,Deux-Sèvres,2014,152.500000
FRI33,Deux-Sèvres,2015,152.600000
FRI33,Deux-Sèvres,2016,152.300000
FRI33,Deux-Sèvres,2017,154.600000
FRI33,Deux-Sèvres,2018,155.700000
FRI33,Deux-Sèvres,2019,155.000000
FRI33,Deux-Sèvres,2020,154.900000
FRI33,Deux-Sèvres,2021,156.900000
FRI33,Deux-Sèvres,2022,158.400000
FRI33,Deux-Sèvres,2023,159.600000
FRI33,Deux-Sèvres,2024,160.800000
FRI34,Vienne,2000,168.700000
FRI34,Vienne,2001,170.800000
FRI34,Vienne,2002,171.800000
FRI34,Vienne,2003,171.500000
FRI34,Vienne,2004,170.700000
FRI34,Vienne,2005,172.300000
FRI34,Vienne,2006,174.000000
FRI34,Vienne,2007,177.900000
FRI34,Vienne,2008,176.900000
FRI34,Vienne,2009,174.100000
FRI34,Vienne,2010,173.600000
FRI34,Vienne,2011,175.500000
FRI34,Vienne,2012,176.400000
FRI34,Vienne,2013,176.900000
FRI34,Vienne,2014,176.600000
FRI34,Vienne,2015,175.600000
FRI34,Vienne,2016,174.000000
FRI34,Vienne,2017,175.800000
FRI34,Vienne,2018,175.100000
FRI34,Vienne,2019,176.000000
FRI34,Vienne,2020,174.500000
FRI34,Vienne,2021,176.900000
FRI34,Vienne,2022,179.300000
FRI34,Vienne,2023,180.500000
FRI34,Vienne,2024,181.900000
FRJ11,Aude,2000,112.400000
FRJ11,Aude,2001,115.700000
FRJ11,Aude,2002,117.500000
FRJ11,Aude,2003,119.400000
FRJ11,Aude,2004,121.000000
FRJ11,Aude,2005,122.900000
FRJ11,Aude,2006,124.600000
FRJ11,Aude,2007,125.100000
FRJ11,Aude,2008,125.200000
FRJ11,Aude,2009,124.300000
FRJ11,Aude,2010,123.900000
FRJ11,Aude,2011,124.800000
FRJ11,Aude,2012,124.900000
FRJ11,Aude,2013,124.900000
FRJ11,Aude,2014,125.000000
FRJ11,Aude,2015,125.900000
FRJ11,Aude,2016,127.400000
FRJ11,Aude,2017,128.600000
FRJ11,Aude,2018,129.500000
FRJ11,Aude,2019,128.300000
FRJ11,Aude,2020,128.800000
FRJ11,Aude,2021,132.300000
FRJ11,Aude,2022,135.500000
FRJ11,Aude,2023,136.100000
FRJ11,Aude,2024,137.400000
FRJ12,Gard,2000,221.800000
FRJ12,Gard,2001,224.700000
FRJ12,Gard,2002,229.800000
FRJ12,Gard,2003,232.300000
FRJ12,Gard,2004,235.100000
FRJ12,Gard,2005,237.500000
FRJ12,Gard,2006,241.100000
FRJ12,Gard,2007,242.900000
FRJ12,Gard,2008,242.900000
FRJ12,Gard,2009,242.300000
FRJ12,Gard,2010,244.700000
FRJ12,Gard,2011,244.900000
FRJ12,Gard,2012,244.700000
FRJ12,Gard,2013,244.700000
FRJ12,Gard,2014,246.300000
FRJ12,Gard,2015,247.600000
FRJ12,Gard,2016,249.600000
FRJ12,Gard,2017,251.000000
FRJ12,Gard,2018,252.800000
FRJ12,Gard,2019,260.600000
FRJ12,Gard,2020,262.100000
FRJ12,Gard,2021,268.400000
FRJ12,Gard,2022,274.700000
FRJ12,Gard,2023,278.100000
FRJ12,Gard,2024,280.800000
FRJ13,Hérault,2000,347.000000
FRJ13,Hérault,2001,359.500000
FRJ13,Hérault,2002,369.300000
FRJ13,Hérault,2003,378.400000
FRJ13,Hérault,2004,381.800000
FRJ13,Hérault,2005,387.700000
FRJ13,Hérault,2006,397.100000
FRJ13,Hérault,2007,407.300000
FRJ13,Hérault,2008,409.400000
FRJ13,Hérault,2009,411.300000
FRJ13,Hérault,2010,412.600000
FRJ13,Hérault,2011,417.200000
FRJ13,Hérault,2012,420.100000
FRJ13,Hérault,2013,420.900000
FRJ13,Hérault,2014,427.400000
FRJ13,Hérault,2015,433.700000
FRJ13,Hérault,2016,439.400000
FRJ13,Hérault,2017,447.500000
FRJ13,Hérault,2018,457.700000
FRJ13,Hérault,2019,472.600000
FRJ13,Hérault,2020,478.900000
FRJ13,Hérault,2021,497.900000
FRJ13,Hérault,2022,511.700000
FRJ13,Hérault,2023,517.600000
FRJ13,Hérault,2024,522.300000
FRJ14,Lozère,2000,29.600000
FRJ14,Lozère,2001,29.800000
FRJ14,Lozère,2002,29.900000
FRJ14,Lozère,2003,30.200000
FRJ14,Lozère,2004,30.600000
FRJ14,Lozère,2005,30.800000
FRJ14,Lozère,2006,31.200000
FRJ14,Lozère,2007,31.200000
FRJ14,Lozère,2008,30.900000
FRJ14,Lozère,2009,31.200000
FRJ14,Lozère,2010,31.200000
FRJ14,Lozère,2011,30.900000
FRJ14,Lozère,2012,31.000000
FRJ14,Lozère,2013,30.800000
FRJ14,Lozère,2014,31.200000
FRJ14,Lozère,2015,30.900000
FRJ14,Lozère,2016,31.300000
FRJ14,Lozère,2017,31.100000
FRJ14,Lozère,2018,31.500000
FRJ14,Lozère,2019,30.800000
FRJ14,Lozère,2020,30.900000
FRJ14,Lozère,2021,31.800000
FRJ14,Lozère,2022,31.600000
FRJ14,Lozère,2023,31.600000
FRJ14,Lozère,2024,31.800000
FRJ15,Pyrénées-Orientales,2000,138.600000
FRJ15,Pyrénées-Orientales,2001,142.800000
FRJ15,Pyrénées-Orientales,2002,145.600000
FRJ15,Pyrénées-Orientales,2003,147.200000
FRJ15,Pyrénées-Orientales,2004,149.600000
FRJ15,Pyrénées-Orientales,2005,151.600000
FRJ15,Pyrénées-Orientales,2006,154.300000
FRJ15,Pyrénées-Orientales,2007,155.200000
FRJ15,Pyrénées-Orientales,2008,154.900000
FRJ15,Pyrénées-Orientales,2009,154.900000
FRJ15,Pyrénées-Orientales,2010,155.600000
FRJ15,Pyrénées-Orientales,2011,156.100000
FRJ15,Pyrénées-Orientales,2012,157.300000
FRJ15,Pyrénées-Orientales,2013,157.800000
FRJ15,Pyrénées-Orientales,2014,158.700000
FRJ15,Pyrénées-Orientales,2015,159.500000
FRJ15,Pyrénées-Orientales,2016,160.400000
FRJ15,Pyrénées-Orientales,2017,162.000000
FRJ15,Pyrénées-Orientales,2018,164.000000
FRJ15,Pyrénées-Orientales,2019,166.400000
FRJ15,Pyrénées-Orientales,2020,168.000000
FRJ15,Pyrénées-Orientales,2021,174.600000
FRJ15,Pyrénées-Orientales,2022,180.900000
FRJ15,Pyrénées-Orientales,2023,181.500000
FRJ15,Pyrénées-Orientales,2024,183.100000
FRJ21,Ariège,2000,51.000000
FRJ21,Ariège,2001,51.700000
FRJ21,Ariège,2002,52.000000
FRJ21,Ariège,2003,52.500000
FRJ21,Ariège,2004,52.700000
FRJ21,Ariège,2005,53.600000
FRJ21,Ariège,2006,53.100000
FRJ21,Ariège,2007,53.700000
FRJ21,Ariège,2008,53.200000
FRJ21,Ariège,2009,52.600000
FRJ21,Ariège,2010,51.900000
FRJ21,Ariège,2011,51.900000
FRJ21,Ariège,2012,52.400000
FRJ21,Ariège,2013,52.600000
FRJ21,Ariège,2014,52.800000
FRJ21,Ariège,2015,52.900000
FRJ21,Ariège,2016,52.800000
FRJ21,Ariège,2017,53.300000
FRJ21,Ariège,2018,53.300000
FRJ21,Ariège,2019,54.800000
FRJ21,Ariège,2020,54.900000
FRJ21,Ariège,2021,56.200000
FRJ21,Ariège,2022,57.100000
FRJ21,Ariège,2023,57.500000
FRJ21,Ariège,2024,58.300000
FRJ22,Aveyron,2000,104.900000
FRJ22,Aveyron,2001,105.600000
FRJ22,Aveyron,2002,106.900000
FRJ22,Aveyron,2003,107.700000
FRJ22,Aveyron,2004,108.100000
FRJ22,Aveyron,2005,108.300000
FRJ22,Aveyron,2006,108.700000
FRJ22,Aveyron,2007,109.300000
FRJ22,Aveyron,2008,109.700000
FRJ22,Aveyron,2009,108.500000
FRJ22,Aveyron,2010,108.600000
FRJ22,Aveyron,2011,108.500000
FRJ22,Aveyron,2012,108.400000
FRJ22,Aveyron,2013,107.700000
FRJ22,Aveyron,2014,108.400000
FRJ22,Aveyron,2015,108.700000
FRJ22,Aveyron,2016,109.600000
FRJ22,Aveyron,2017,110.700000
FRJ22,Aveyron,2018,110.500000
FRJ22,Aveyron,2019,111.000000
FRJ22,Aveyron,2020,111.100000
FRJ22,Aveyron,2021,112.600000
FRJ22,Aveyron,2022,113.500000
FRJ22,Aveyron,2023,114.900000
FRJ22,Aveyron,2024,115.100000
FRJ23,Haute-Garonne,2000,496.500000
FRJ23,Haute-Garonne,2001,519.500000
FRJ23,Haute-Garonne,2002,527.900000
FRJ23,Haute-Garonne,2003,536.800000
FRJ23,Haute-Garonne,2004,543.600000
FRJ23,Haute-Garonne,2005,554.400000
FRJ23,Haute-Garonne,2006,569.000000
FRJ23,Haute-Garonne,2007,581.900000
FRJ23,Haute-Garonne,2008,593.700000
FRJ23,Haute-Garonne,2009,595.500000
FRJ23,Haute-Garonne,2010,600.100000
FRJ23,Haute-Garonne,2011,611.600000
FRJ23,Haute-Garonne,2012,623.200000
FRJ23,Haute-Garonne,2013,629.500000
FRJ23,Haute-Garonne,2014,636.900000
FRJ23,Haute-Garonne,2015,642.900000
FRJ23,Haute-Garonne,2016,658.300000
FRJ23,Haute-Garonne,2017,673.200000
FRJ23,Haute-Garonne,2018,689.600000
FRJ23,Haute-Garonne,2019,694.600000
FRJ23,Haute-Garonne,2020,690.600000
FRJ23,Haute-Garonne,2021,709.100000
FRJ23,Haute-Garonne,2022,734.300000
FRJ23,Haute-Garonne,2023,751.800000
FRJ23,Haute-Garonne,2024,756.700000
FRJ24,Gers,2000,65.400000
FRJ24,Gers,2001,66.400000
FRJ24,Gers,2002,67.300000
FRJ24,Gers,2003,68.200000
FRJ24,Gers,2004,68.000000
FRJ24,Gers,2005,68.900000
FRJ24,Gers,2006,69.200000
FRJ24,Gers,2007,69.100000
FRJ24,Gers,2008,68.900000
FRJ24,Gers,2009,68.200000
FRJ24,Gers,2010,68.400000
FRJ24,Gers,2011,68.600000
FRJ24,Gers,2012,68.900000
FRJ24,Gers,2013,69.700000
FRJ24,Gers,2014,69.600000
FRJ24,Gers,2015,69.400000
FRJ24,Gers,2016,69.700000
FRJ24,Gers,2017,70.600000
FRJ24,Gers,2018,70.900000
FRJ24,Gers,2019,71.200000
FRJ24,Gers,2020,71.600000
FRJ24,Gers,2021,72.300000
FRJ24,Gers,2022,73.200000
FRJ24,Gers,2023,73.000000
FRJ24,Gers,2024,73.600000
FRJ25,Lot,2000,62.600000
FRJ25,Lot,2001,63.200000
FRJ25,Lot,2002,64.000000
FRJ25,Lot,2003,64.500000
FRJ25,Lot,2004,64.200000
FRJ25,Lot,2005,64.700000
FRJ25,Lot,2006,64.600000
FRJ25,Lot,2007,64.700000
FRJ25,Lot,2008,63.800000
FRJ25,Lot,2009,63.600000
FRJ25,Lot,2010,62.800000
FRJ25,Lot,2011,62.900000
FRJ25,Lot,2012,63.300000
FRJ25,Lot,2013,63.400000
FRJ25,Lot,2014,64.200000
FRJ25,Lot,2015,64.200000
FRJ25,Lot,2016,65.300000
FRJ25,Lot,2017,65.200000
FRJ25,Lot,2018,65.000000
FRJ25,Lot,2019,65.500000
FRJ25,Lot,2020,65.500000
FRJ25,Lot,2021,66.600000
FRJ25,Lot,2022,67.300000
FRJ25,Lot,2023,68.000000
FRJ25,Lot,2024,68.700000
FRJ26,Hautes-Pyrénées,2000,87.300000
FRJ26,Hautes-Pyrénées,2001,88.600000
FRJ26,Hautes-Pyrénées,2002,89.800000
FRJ26,Hautes-Pyrénées,2003,89.900000
FRJ26,Hautes-Pyrénées,2004,89.900000
FRJ26,Hautes-Pyrénées,2005,91.400000
FRJ26,Hautes-Pyrénées,2006,91.100000
FRJ26,Hautes-Pyrénées,2007,91.500000
FRJ26,Hautes-Pyrénées,2008,90.800000
FRJ26,Hautes-Pyrénées,2009,89.800000
FRJ26,Hautes-Pyrénées,2010,89.800000
FRJ26,Hautes-Pyrénées,2011,88.300000
FRJ26,Hautes-Pyrénées,2012,88.500000
FRJ26,Hautes-Pyrénées,2013,87.800000
FRJ26,Hautes-Pyrénées,2014,87.600000
FRJ26,Hautes-Pyrénées,2015,86.800000
FRJ26,Hautes-Pyrénées,2016,87.000000
FRJ26,Hautes-Pyrénées,2017,87.100000
FRJ26,Hautes-Pyrénées,2018,86.500000
FRJ26,Hautes-Pyrénées,2019,89.000000
FRJ26,Hautes-Pyrénées,2020,87.300000
FRJ26,Hautes-Pyrénées,2021,90.900000
FRJ26,Hautes-Pyrénées,2022,92.300000
FRJ26,Hautes-Pyrénées,2023,93.500000
FRJ26,Hautes-Pyrénées,2024,94.300000
FRJ27,Tarn,2000,130.500000
FRJ27,Tarn,2001,132.400000
FRJ27,Tarn,2002,132.900000
FRJ27,Tarn,2003,132.600000
FRJ27,Tarn,2004,132.600000
FRJ27,Tarn,2005,133.200000
FRJ27,Tarn,2006,134.000000
FRJ27,Tarn,2007,132.500000
FRJ27,Tarn,2008,132.400000
FRJ27,Tarn,2009,132.300000
FRJ27,Tarn,2010,131.600000
FRJ27,Tarn,2011,132.000000
FRJ27,Tarn,2012,133.500000
FRJ27,Tarn,2013,132.600000
FRJ27,Tarn,2014,132.400000
FRJ27,Tarn,2015,132.800000
FRJ27,Tarn,2016,133.800000
FRJ27,Tarn,2017,135.200000
FRJ27,Tarn,2018,136.500000
FRJ27,Tarn,2019,137.700000
FRJ27,Tarn,2020,138.600000
FRJ27,Tarn,2021,141.400000
FRJ27,Tarn,2022,143.100000
FRJ27,Tarn,2023,144.100000
FRJ27,Tarn,2024,145.000000
FRJ28,Tarn-et-Garonne,2000,78.800000
FRJ28,Tarn-et-Garonne,2001,79.200000
FRJ28,Tarn-et-Garonne,2002,80.200000
FRJ28,Tarn-et-Garonne,2003,81.200000
FRJ28,Tarn-et-Garonne,2004,81.500000
FRJ28,Tarn-et-Garonne,2005,82.800000
FRJ28,Tarn-et-Garonne,2006,83.800000
FRJ28,Tarn-et-Garonne,2007,85.000000
FRJ28,Tarn-et-Garonne,2008,85.200000
FRJ28,Tarn-et-Garonne,2009,85.300000
FRJ28,Tarn-et-Garonne,2010,84.800000
FRJ28,Tarn-et-Garonne,2011,85.800000
FRJ28,Tarn-et-Garonne,2012,87.200000
FRJ28,Tarn-et-Garonne,2013,87.200000
FRJ28,Tarn-et-Garonne,2014,87.700000
FRJ28,Tarn-et-Garonne,2015,89.100000
FRJ28,Tarn-et-Garonne,2016,90.400000
FRJ28,Tarn-et-Garonne,2017,91.300000
FRJ28,Tarn-et-Garonne,2018,92.100000
FRJ28,Tarn-et-Garonne,2019,93.600000
FRJ28,Tarn-et-Garonne,2020,94.500000
FRJ28,Tarn-et-Garonne,2021,97.200000
FRJ28,Tarn-et-Garonne,2022,99.100000
FRJ28,Tarn-et-Garonne,2023,99.700000
FRJ28,Tarn-et-Garonne,2024,100.400000
FRK11,Allier,2000,130.000000
FRK11,Allier,2001,130.500000
FRK11,Allier,2002,130.800000
FRK11,Allier,2003,130.200000
FRK11,Allier,2004,129.100000
FRK11,Allier,2005,129.100000
FRK11,Allier,2006,129.800000
FRK11,Allier,2007,130.200000
FRK11,Allier,2008,128.600000
FRK11,Allier,2009,126.900000
FRK11,Allier,2010,125.700000
FRK11,Allier,2011,124.300000
FRK11,Allier,2012,123.600000
FRK11,Allier,2013,123.400000
FRK11,Allier,2014,123.100000
FRK11,Allier,2015,121.600000
FRK11,Allier,2016,121.600000
FRK11,Allier,2017,120.800000
FRK11,Allier,2018,119.800000
FRK11,Allier,2019,122.900000
FRK11,Allier,2020,122.300000
FRK11,Allier,2021,124.400000
FRK11,Allier,2022,126.600000
FRK11,Allier,2023,127.000000
FRK11,Allier,2024,128.100000
FRK12,Cantal,2000,57.200000
FRK12,Cantal,2001,57.600000
FRK12,Cantal,2002,58.200000
FRK12,Cantal,2003,58.500000
FRK12,Cantal,2004,58.300000
FRK12,Cantal,2005,58.500000
FRK12,Cantal,2006,58.500000
FRK12,Cantal,2007,58.900000
FRK12,Cantal,2008,58.600000
FRK12,Cantal,2009,58.300000
FRK12,Cantal,2010,58.300000
FRK12,Cantal,2011,57.400000
FRK12,Cantal,2012,57.400000
FRK12,Cantal,2013,57.300000
FRK12,Cantal,2014,57.300000
FRK12,Cantal,2015,57.000000
FRK12,Cantal,2016,57.000000
FRK12,Cantal,2017,57.000000
FRK12,Cantal,2018,57.300000
FRK12,Cantal,2019,57.300000
FRK12,Cantal,2020,57.200000
FRK12,Cantal,2021,57.900000
FRK12,Cantal,2022,58.300000
FRK12,Cantal,2023,58.500000
FRK12,Cantal,2024,58.700000
FRK13,Haute-Loire,2000,77.400000
FRK13,Haute-Loire,2001,77.700000
FRK13,Haute-Loire,2002,78.000000
FRK13,Haute-Loire,2003,77.800000
FRK13,Haute-Loire,2004,77.600000
FRK13,Haute-Loire,2005,78.100000
FRK13,Haute-Loire,2006,78.500000
FRK13,Haute-Loire,2007,79.500000
FRK13,Haute-Loire,2008,78.700000
FRK13,Haute-Loire,2009,78.300000
FRK13,Haute-Loire,2010,78.900000
FRK13,Haute-Loire,2011,78.100000
FRK13,Haute-Loire,2012,78.100000
FRK13,Haute-Loire,2013,78.400000
FRK13,Haute-Loire,2014,79.200000
FRK13,Haute-Loire,2015,79.000000
FRK13,Haute-Loire,2016,79.000000
FRK13,Haute-Loire,2017,80.300000
FRK13,Haute-Loire,2018,80.500000
FRK13,Haute-Loire,2019,81.500000
FRK13,Haute-Loire,2020,82.100000
FRK13,Haute-Loire,2021,84.400000
FRK13,Haute-Loire,2022,86.000000
FRK13,Haute-Loire,2023,86.400000
FRK13,Haute-Loire,2024,87.100000
FRK14,Puy-de-Dôme,2000,259.100000
FRK14,Puy-de-Dôme,2001,262.900000
FRK14,Puy-de-Dôme,2002,264.800000
FRK14,Puy-de-Dôme,2003,267.000000
FRK14,Puy-de-Dôme,2004,265.400000
FRK14,Puy-de-Dôme,2005,265.400000
FRK14,Puy-de-Dôme,2006,266.000000
FRK14,Puy-de-Dôme,2007,267.600000
FRK14,Puy-de-Dôme,2008,267.300000
FRK14,Puy-de-Dôme,2009,263.000000
FRK14,Puy-de-Dôme,2010,264.400000
FRK14,Puy-de-Dôme,2011,266.600000
FRK14,Puy-de-Dôme,2012,270.000000
FRK14,Puy-de-Dôme,2013,271.300000
FRK14,Puy-de-Dôme,2014,272.600000
FRK14,Puy-de-Dôme,2015,271.600000
FRK14,Puy-de-Dôme,2016,272.800000
FRK14,Puy-de-Dôme,2017,274.100000
FRK14,Puy-de-Dôme,2018,275.300000
FRK14,Puy-de-Dôme,2019,275.800000
FRK14,Puy-de-Dôme,2020,275.800000
FRK14,Puy-de-Dôme,2021,281.200000
FRK14,Puy-de-Dôme,2022,286.800000
FRK14,Puy-de-Dôme,2023,289.100000
FRK14,Puy-de-Dôme,2024,291.400000
FRK21,Ain,2000,200.800000
FRK21,Ain,2001,204.000000
FRK21,Ain,2002,203.900000
FRK21,Ain,2003,205.200000
FRK21,Ain,2004,204.800000
FRK21,Ain,2005,207.000000
FRK21,Ain,2006,208.800000
FRK21,Ain,2007,210.700000
FRK21,Ain,2008,209.200000
FRK21,Ain,2009,204.800000
FRK21,Ain,2010,208.100000
FRK21,Ain,2011,210.300000
FRK21,Ain,2012,210.600000
FRK21,Ain,2013,212.800000
FRK21,Ain,2014,214.300000
FRK21,Ain,2015,215.300000
FRK21,Ain,2016,217.000000
FRK21,Ain,2017,220.200000
FRK21,Ain,2018,222.800000
FRK21,Ain,2019,225.100000
FRK21,Ain,2020,225.400000
FRK21,Ain,2021,229.600000
FRK21,Ain,2022,233.500000
FRK21,Ain,2023,235.500000
FRK21,Ain,2024,237.300000
FRK22,Ardèche,2000,100.900000
FRK22,Ardèche,2001,100.900000
FRK22,Ardèche,2002,102.300000
FRK22,Ardèche,2003,101.600000
FRK22,Ardèche,2004,102.300000
FRK22,Ardèche,2005,101.900000
FRK22,Ardèche,2006,103.500000
FRK22,Ardèche,2007,103.700000
FRK22,Ardèche,2008,103.100000
FRK22,Ardèche,2009,102.900000
FRK22,Ardèche,2010,103.100000
FRK22,Ardèche,2011,104.100000
FRK22,Ardèche,2012,104.200000
FRK22,Ardèche,2013,104.200000
FRK22,Ardèche,2014,105.300000
FRK22,Ardèche,2015,105.700000
FRK22,Ardèche,2016,106.400000
FRK22,Ardèche,2017,107.200000
FRK22,Ardèche,2018,107.500000
FRK22,Ardèche,2019,108.800000
FRK22,Ardèche,2020,109.200000
FRK22,Ardèche,2021,111.800000
FRK22,Ardèche,2022,113.500000
FRK22,Ardèche,2023,114.500000
FRK22,Ardèche,2024,115.800000
FRK23,Drôme,2000,191.700000
FRK23,Drôme,2001,193.900000
FRK23,Drôme,2002,194.500000
FRK23,Drôme,2003,196.900000
FRK23,Drôme,2004,197.500000
FRK23,Drôme,2005,198.100000
FRK23,Drôme,2006,200.100000
FRK23,Drôme,2007,203.000000
FRK23,Drôme,2008,203.800000
FRK23,Drôme,2009,203.500000
FRK23,Drôme,2010,206.400000
FRK23,Drôme,2011,208.000000
FRK23,Drôme,2012,209.200000
FRK23,Drôme,2013,209.400000
FRK23,Drôme,2014,210.700000
FRK23,Drôme,2015,211.000000
FRK23,Drôme,2016,212.800000
FRK23,Drôme,2017,217.000000
FRK23,Drôme,2018,218.500000
FRK23,Drôme,2019,223.200000
FRK23,Drôme,2020,224.700000
FRK23,Drôme,2021,232.300000
FRK23,Drôme,2022,236.500000
FRK23,Drôme,2023,237.900000
FRK23,Drôme,2024,239.700000
FRK24,Isère,2000,464.800000
FRK24,Isère,2001,471.100000
FRK24,Isère,2002,474.500000
FRK24,Isère,2003,479.400000
FRK24,Isère,2004,479.900000
FRK24,Isère,2005,483.900000
FRK24,Isère,2006,490.000000
FRK24,Isère,2007,497.800000
FRK24,Isère,2008,498.300000
FRK24,Isère,2009,492.600000
FRK24,Isère,2010,496.200000
FRK24,Isère,2011,499.500000
FRK24,Isère,2012,504.100000
FRK24,Isère,2013,507.100000
FRK24,Isère,2014,510.500000
FRK24,Isère,2015,508.900000
FRK24,Isère,2016,512.500000
FRK24,Isère,2017,518.700000
FRK24,Isère,2018,525.500000
FRK24,Isère,2019,532.800000
FRK24,Isère,2020,529.700000
FRK24,Isère,2021,544.100000
FRK24,Isère,2022,556.000000
FRK24,Isère,2023,561.400000
FRK24,Isère,2024,565.700000
FRK25,Loire,2000,285.900000
FRK25,Loire,2001,287.900000
FRK25,Loire,2002,286.700000
FRK25,Loire,2003,286.300000
FRK25,Loire,2004,284.500000
FRK25,Loire,2005,288.400000
FRK25,Loire,2006,290.700000
FRK25,Loire,2007,293.100000
FRK25,Loire,2008,291.800000
FRK25,Loire,2009,286.600000
FRK25,Loire,2010,287.500000
FRK25,Loire,2011,286.900000
FRK25,Loire,2012,287.100000
FRK25,Loire,2013,284.300000
FRK25,Loire,2014,284.000000
FRK25,Loire,2015,282.300000
FRK25,Loire,2016,282.600000
FRK25,Loire,2017,286.200000
FRK25,Loire,2018,287.900000
FRK25,Loire,2019,290.300000
FRK25,Loire,2020,291.000000
FRK25,Loire,2021,296.600000
FRK25,Loire,2022,300.200000
FRK25,Loire,2023,300.500000
FRK25,Loire,2024,302.900000
FRK26,Rhône,2000,817.200000
FRK26,Rhône,2001,832.300000
FRK26,Rhône,2002,834.600000
FRK26,Rhône,2003,832.600000
FRK26,Rhône,2004,836.200000
FRK26,Rhône,2005,844.100000
FRK26,Rhône,2006,859.200000
FRK26,Rhône,2007,880.900000
FRK26,Rhône,2008,892.800000
FRK26,Rhône,2009,886.300000
FRK26,Rhône,2010,890.400000
FRK26,Rhône,2011,903.100000
FRK26,Rhône,2012,915.400000
FRK26,Rhône,2013,923.500000
FRK26,Rhône,2014,933.000000
FRK26,Rhône,2015,943.200000
FRK26,Rhône,2016,957.100000
FRK26,Rhône,2017,978.600000
FRK26,Rhône,2018,998.500000
FRK26,Rhône,2019,1012.200000
FRK26,Rhône,2020,1018.100000
FRK26,Rhône,2021,1047.700000
FRK26,Rhône,2022,1082.600000
FRK26,Rhône,2023,1100.000000
FRK26,Rhône,2024,1107.000000
FRK27,Savoie,2000,174.800000
FRK27,Savoie,2001,180.200000
FRK27,Savoie,2002,182.700000
FRK27,Savoie,2003,186.900000
FRK27,Savoie,2004,189.000000
FRK27,Savoie,2005,190.800000
FRK27,Savoie,2006,193.600000
FRK27,Savoie,2007,195.800000
FRK27,Savoie,2008,197.700000
FRK27,Savoie,2009,194.900000
FRK27,Savoie,2010,196.900000
FRK27,Savoie,2011,199.900000
FRK27,Savoie,2012,200.900000
FRK27,Savoie,2013,202.900000
FRK27,Savoie,2014,203.900000
FRK27,Savoie,2015,204.900000
FRK27,Savoie,2016,206.900000
FRK27,Savoie,2017,212.800000
FRK27,Savoie,2018,216.900000
FRK27,Savoie,2019,222.000000
FRK27,Savoie,2020,202.300000
FRK27,Savoie,2021,226.000000
FRK27,Savoie,2022,233.800000
FRK27,Savoie,2023,237.700000
FRK27,Savoie,2024,239.400000
FRK28,Haute-Savoie,2000,275.500000
FRK28,Haute-Savoie,2001,278.900000
FRK28,Haute-Savoie,2002,282.900000
FRK28,Haute-Savoie,2003,286.400000
FRK28,Haute-Savoie,2004,288.300000
FRK28,Haute-Savoie,2005,288.900000
FRK28,Haute-Savoie,2006,291.400000
FRK28,Haute-Savoie,2007,295.000000
FRK28,Haute-Savoie,2008,291.700000
FRK28,Haute-Savoie,2009,288.000000
FRK28,Haute-Savoie,2010,291.700000
FRK28,Haute-Savoie,2011,297.200000
FRK28,Haute-Savoie,2012,301.400000
FRK28,Haute-Savoie,2013,304.600000
FRK28,Haute-Savoie,2014,305.800000
FRK28,Haute-Savoie,2015,308.100000
FRK28,Haute-Savoie,2016,310.500000
FRK28,Haute-Savoie,2017,318.400000
FRK28,Haute-Savoie,2018,322.500000
FRK28,Haute-Savoie,2019,328.000000
FRK28,Haute-Savoie,2020,319.400000
FRK28,Haute-Savoie,2021,335.900000
FRK28,Haute-Savoie,2022,345.400000
FRK28,Haute-Savoie,2023,350.200000
FRK28,Haute-Savoie,2024,352.800000
FRL01,Alpes-de-Haute-Provence,2000,52.400000
FRL01,Alpes-de-Haute-Provence,2001,52.600000
FRL01,Alpes-de-Haute-Provence,2002,54.300000
FRL01,Alpes-de-Haute-Provence,2003,55.200000
FRL01,Alpes-de-Haute-Provence,2004,55.700000
FRL01,Alpes-de-Haute-Provence,2005,56.200000
FRL01,Alpes-de-Haute-Provence,2006,56.600000
FRL01,Alpes-de-Haute-Provence,2007,56.800000
FRL01,Alpes-de-Haute-Provence,2008,56.700000
FRL01,Alpes-de-Haute-Provence,2009,57.700000
FRL01,Alpes-de-Haute-Provence,2010,57.600000
FRL01,Alpes-de-Haute-Provence,2011,57.400000
FRL01,Alpes-de-Haute-Provence,2012,57.700000
FRL01,Alpes-de-Haute-Provence,2013,57.800000
FRL01,Alpes-de-Haute-Provence,2014,58.300000
FRL01,Alpes-de-Haute-Provence,2015,58.300000
FRL01,Alpes-de-Haute-Provence,2016,60.000000
FRL01,Alpes-de-Haute-Provence,2017,59.200000
FRL01,Alpes-de-Haute-Provence,2018,59.600000
FRL01,Alpes-de-Haute-Provence,2019,62.900000
FRL01,Alpes-de-Haute-Provence,2020,63.000000
FRL01,Alpes-de-Haute-Provence,2021,65.400000
FRL01,Alpes-de-Haute-Provence,2022,66.900000
FRL01,Alpes-de-Haute-Provence,2023,68.800000
FRL01,Alpes-de-Haute-Provence,2024,69.100000
FRL02,Hautes-Alpes,2000,53.800000
FRL02,Hautes-Alpes,2001,54.900000
FRL02,Hautes-Alpes,2002,56.100000
FRL02,Hautes-Alpes,2003,57.300000
FRL02,Hautes-Alpes,2004,58.000000
FRL02,Hautes-Alpes,2005,58.900000
FRL02,Hautes-Alpes,2006,59.500000
FRL02,Hautes-Alpes,2007,59.500000
FRL02,Hautes-Alpes,2008,60.700000
FRL02,Hautes-Alpes,2009,59.500000
FRL02,Hautes-Alpes,2010,60.000000
FRL02,Hautes-Alpes,2011,59.900000
FRL02,Hautes-Alpes,2012,60.200000
FRL02,Hautes-Alpes,2013,60.300000
FRL02,Hautes-Alpes,2014,60.200000
FRL02,Hautes-Alpes,2015,59.700000
FRL02,Hautes-Alpes,2016,59.500000
FRL02,Hautes-Alpes,2017,60.900000
FRL02,Hautes-Alpes,2018,61.600000
FRL02,Hautes-Alpes,2019,61.800000
FRL02,Hautes-Alpes,2020,58.700000
FRL02,Hautes-Alpes,2021,63.300000
FRL02,Hautes-Alpes,2022,64.900000
FRL02,Hautes-Alpes,2023,65.300000
FRL02,Hautes-Alpes,2024,65.700000
FRL03,Alpes-Maritimes,2000,408.500000
FRL03,Alpes-Maritimes,2001,423.300000
FRL03,Alpes-Maritimes,2002,428.300000
FRL03,Alpes-Maritimes,2003,435.200000
FRL03,Alpes-Maritimes,2004,438.500000
FRL03,Alpes-Maritimes,2005,442.000000
FRL03,Alpes-Maritimes,2006,450.000000
FRL03,Alpes-Maritimes,2007,456.000000
FRL03,Alpes-Maritimes,2008,460.900000
FRL03,Alpes-Maritimes,2009,453.700000
FRL03,Alpes-Maritimes,2010,453.000000
FRL03,Alpes-Maritimes,2011,456.800000
FRL03,Alpes-Maritimes,2012,458.100000
FRL03,Alpes-Maritimes,2013,457.700000
FRL03,Alpes-Maritimes,2014,457.100000
FRL03,Alpes-Maritimes,2015,459.400000
FRL03,Alpes-Maritimes,2016,463.200000
FRL03,Alpes-Maritimes,2017,466.900000
FRL03,Alpes-Maritimes,2018,470.600000
FRL03,Alpes-Maritimes,2019,481.100000
FRL03,Alpes-Maritimes,2020,477.500000
FRL03,Alpes-Maritimes,2021,492.700000
FRL03,Alpes-Maritimes,2022,507.400000
FRL03,Alpes-Maritimes,2023,515.100000
FRL03,Alpes-Maritimes,2024,519.500000
FRL04,Bouches-du-Rhône,2000,755.400000
FRL04,Bouches-du-Rhône,2001,776.000000
FRL04,Bouches-du-Rhône,2002,788.200000
FRL04,Bouches-du-Rhône,2003,795.700000
FRL04,Bouches-du-Rhône,2004,804.000000
FRL04,Bouches-du-Rhône,2005,814.700000
FRL04,Bouches-du-Rhône,2006,822.700000
FRL04,Bouches-du-Rhône,2007,836.400000
FRL04,Bouches-du-Rhône,2008,846.200000
FRL04,Bouches-du-Rhône,2009,844.900000
FRL04,Bouches-du-Rhône,2010,844.500000
FRL04,Bouches-du-Rhône,2011,851.500000
FRL04,Bouches-du-Rhône,2012,857.500000
FRL04,Bouches-du-Rhône,2013,862.600000
FRL04,Bouches-du-Rhône,2014,873.900000
FRL04,Bouches-du-Rhône,2015,879.100000
FRL04,Bouches-du-Rhône,2016,888.100000
FRL04,Bouches-du-Rhône,2017,900.000000
FRL04,Bouches-du-Rhône,2018,915.700000
FRL04,Bouches-du-Rhône,2019,919.600000
FRL04,Bouches-du-Rhône,2020,928.200000
FRL04,Bouches-du-Rhône,2021,955.200000
FRL04,Bouches-du-Rhône,2022,980.000000
FRL04,Bouches-du-Rhône,2023,996.400000
FRL04,Bouches-du-Rhône,2024,1004.300000
FRL05,Var,2000,317.400000
FRL05,Var,2001,328.100000
FRL05,Var,2002,335.700000
FRL05,Var,2003,340.800000
FRL05,Var,2004,348.700000
FRL05,Var,2005,353.200000
FRL05,Var,2006,357.000000
FRL05,Var,2007,364.200000
FRL05,Var,2008,367.400000
FRL05,Var,2009,368.700000
FRL05,Var,2010,370.400000
FRL05,Var,2011,373.800000
FRL05,Var,2012,375.700000
FRL05,Var,2013,377.000000
FRL05,Var,2014,378.200000
FRL05,Var,2015,378.600000
FRL05,Var,2016,379.700000
FRL05,Var,2017,385.200000
FRL05,Var,2018,388.700000
FRL05,Var,2019,401.400000
FRL05,Var,2020,404.800000
FRL05,Var,2021,417.500000
FRL05,Var,2022,429.700000
FRL05,Var,2023,435.200000
FRL05,Var,2024,439.400000
FRL06,Vaucluse,2000,204.500000
FRL06,Vaucluse,2001,210.200000
FRL06,Vaucluse,2002,214.400000
FRL06,Vaucluse,2003,216.400000
FRL06,Vaucluse,2004,218.400000
FRL06,Vaucluse,2005,218.800000
FRL06,Vaucluse,2006,220.100000
FRL06,Vaucluse,2007,223.600000
FRL06,Vaucluse,2008,224.800000
FRL06,Vaucluse,2009,222.700000
FRL06,Vaucluse,2010,222.900000
FRL06,Vaucluse,2011,225.500000
FRL06,Vaucluse,2012,225.600000
FRL06,Vaucluse,2013,225.600000
FRL06,Vaucluse,2014,225.000000
FRL06,Vaucluse,2015,225.300000
FRL06,Vaucluse,2016,226.500000
FRL06,Vaucluse,2017,230.300000
FRL06,Vaucluse,2018,232.900000
FRL06,Vaucluse,2019,232.800000
FRL06,Vaucluse,2020,234.700000
FRL06,Vaucluse,2021,240.500000
FRL06,Vaucluse,2022,244.700000
FRL06,Vaucluse,2023,246.400000
FRL06,Vaucluse,2024,248.500000
FRM01,Corse-du-Sud,2000,47.200000
FRM01,Corse-du-Sud,2001,48.600000
FRM01,Corse-du-Sud,2002,49.500000
FRM01,Corse-du-Sud,2003,51.300000
FRM01,Corse-du-Sud,2004,52.000000
FRM01,Corse-du-Sud,2005,53.700000
FRM01,Corse-du-Sud,2006,54.600000
FRM01,Corse-du-Sud,2007,55.600000
FRM01,Corse-du-Sud,2008,57.900000
FRM01,Corse-du-Sud,2009,58.300000
FRM01,Corse-du-Sud,2010,59.400000
FRM01,Corse-du-Sud,2011,60.500000
FRM01,Corse-du-Sud,2012,61.500000
FRM01,Corse-du-Sud,2013,62.200000
FRM01,Corse-du-Sud,2014,63.000000
FRM01,Corse-du-Sud,2015,63.600000
FRM01,Corse-du-Sud,2016,64.200000
FRM01,Corse-du-Sud,2017,64.900000
FRM01,Corse-du-Sud,2018,66.700000
FRM01,Corse-du-Sud,2019,67.000000
FRM01,Corse-du-Sud,2020,67.700000
FRM01,Corse-du-Sud,2021,69.100000
FRM01,Corse-du-Sud,2022,70.700000
FRM01,Corse-du-Sud,2023,70.800000
FRM01,Corse-du-Sud,2024,71.400000
FRM02,Haute-Corse,2000,47.800000
FRM02,Haute-Corse,2001,49.000000
FRM02,Haute-Corse,2002,49.300000
FRM02,Haute-Corse,2003,50.500000
FRM02,Haute-Corse,2004,50.900000
FRM02,Haute-Corse,2005,52.200000
FRM02,Haute-Corse,2006,53.200000
FRM02,Haute-Corse,2007,54.700000
FRM02,Haute-Corse,2008,56.800000
FRM02,Haute-Corse,2009,57.300000
FRM02,Haute-Corse,2010,58.300000
FRM02,Haute-Corse,2011,59.100000
FRM02,Haute-Corse,2012,60.000000
FRM02,Haute-Corse,2013,60.600000
FRM02,Haute-Corse,2014,61.100000
FRM02,Haute-Corse,2015,61.400000
FRM02,Haute-Corse,2016,61.800000
FRM02,Haute-Corse,2017,62.600000
FRM02,Haute-Corse,2018,63.900000
FRM02,Haute-Corse,2019,67.700000
FRM02,Haute-Corse,2020,68.800000
FRM02,Haute-Corse,2021,70.900000
FRM02,Haute-Corse,2022,72.600000
FRM02,Haute-Corse,2023,73.500000
FRM02,Haute-Corse,2024,73.900000
FRY10,Guadeloupe,2000,116.300000
FRY10,Guadeloupe,2001,118.300000
FRY10,Guadeloupe,2002,119.300000
FRY10,Guadeloupe,2003,118.800000
FRY10,Guadeloupe,2004,119.700000
FRY10,Guadeloupe,2005,120.300000
FRY10,Guadeloupe,2006,125.100000
FRY10,Guadeloupe,2007,124.700000
FRY10,Guadeloupe,2008,129.200000
FRY10,Guadeloupe,2009,128.200000
FRY10,Guadeloupe,2010,130.900000
FRY10,Guadeloupe,2011,129.000000
FRY10,Guadeloupe,2012,128.900000
FRY10,Guadeloupe,2013,128.800000
FRY10,Guadeloupe,2014,128.700000
FRY10,Guadeloupe,2015,130.100000
FRY10,Guadeloupe,2016,128.600000
FRY10,Guadeloupe,2017,127.200000
FRY10,Guadeloupe,2018,126.100000
FRY10,Guadeloupe,2019,123.900000
FRY10,Guadeloupe,2020,125.800000
FRY10,Guadeloupe,2021,141.600000
FRY10,Guadeloupe,2022,147.900000
FRY10,Guadeloupe,2023,149.500000
FRY10,Guadeloupe,2024,150.800000
FRY20,Martinique,2000,127.300000
FRY20,Martinique,2001,129.700000
FRY20,Martinique,2002,130.300000
FRY20,Martinique,2003,130.000000
FRY20,Martinique,2004,131.800000
FRY20,Martinique,2005,135.400000
FRY20,Martinique,2006,139.300000
FRY20,Martinique,2007,139.400000
FRY20,Martinique,2008,141.600000
FRY20,Martinique,2009,136.900000
FRY20,Martinique,2010,139.100000
FRY20,Martinique,2011,135.100000
FRY20,Martinique,2012,134.500000
FRY20,Martinique,2013,133.100000
FRY20,Martinique,2014,134.400000
FRY20,Martinique,2015,136.200000
FRY20,Martinique,2016,134.700000
FRY20,Martinique,2017,133.100000
FRY20,Martinique,2018,130.700000
FRY20,Martinique,2019,128.700000
FRY20,Martinique,2020,131.000000
FRY20,Martinique,2021,143.700000
FRY20,Martinique,2022,148.000000
FRY20,Martinique,2023,150.300000
FRY20,Martinique,2024,151.500000
FRY30,Guyane,2000,43.000000
FRY30,Guyane,2001,44.200000
FRY30,Guyane,2002,45.400000
FRY30,Guyane,2003,44.500000
FRY30,Guyane,2004,44.400000
FRY30,Guyane,2005,46.000000
FRY30,Guyane,2006,47.700000
FRY30,Guyane,2007,49.100000
FRY30,Guyane,2008,48.800000
FRY30,Guyane,2009,49.500000
FRY30,Guyane,2010,51.300000
FRY30,Guyane,2011,52.100000
FRY30,Guyane,2012,53.100000
FRY30,Guyane,2013,54.500000
FRY30,Guyane,2014,55.800000
FRY30,Guyane,2015,56.600000
FRY30,Guyane,2016,56.200000
FRY30,Guyane,2017,56.700000
FRY30,Guyane,2018,58.200000
FRY30,Guyane,2019,65.800000
FRY30,Guyane,2020,67.100000
FRY30,Guyane,2021,75.000000
FRY30,Guyane,2022,77.100000
FRY30,Guyane,2023,79.500000
FRY30,Guyane,2024,80.000000
FRY40,La Réunion,2000,206.900000
FRY40,La Réunion,2001,215.400000
FRY40,La Réunion,2002,220.900000
FRY40,La Réunion,2003,224.600000
FRY40,La Réunion,2004,225.700000
FRY40,La Réunion,2005,231.500000
FRY40,La Réunion,2006,240.500000
FRY40,La Réunion,2007,252.900000
FRY40,La Réunion,2008,252.000000
FRY40,La Réunion,2009,249.900000
FRY40,La Réunion,2010,254.400000
FRY40,La Réunion,2011,262.500000
FRY40,La Réunion,2012,266.100000
FRY40,La Réunion,2013,273.000000
FRY40,La Réunion,2014,282.400000
FRY40,La Réunion,2015,288.800000
FRY40,La Réunion,2016,291.900000
FRY40,La Réunion,2017,295.200000
FRY40,La Réunion,2018,290.600000
FRY40,La Réunion,2019,271.700000
FRY40,La Réunion,2020,280.200000
FRY40,La Réunion,2021,327.100000
FRY40,La Réunion,2022,333.100000
FRY40,La Réunion,2023,339.100000
FRY40,La Réunion,2024,342.000000
FRY50,Mayotte,2013,40.000000
FRY50,Mayotte,2014,43.700000
FRY50,Mayotte,2015,45.300000
FRY50,Mayotte,2016,46.600000
FRY50,Mayotte,2017,50.500000
FRY50,Mayotte,2018,47.700000
FRY50,Mayotte,2019,52.300000
FRY50,Mayotte,2020,49.300000
FRY50,Mayotte,2021,51.200000
FRY50,Mayotte,2022,50.500000
FRY50,Mayotte,2023,50.900000
FRY50,Mayotte,2024,56.300000
