nuts3,year,avg_annual_wage,province_name
ITC11,2019,24573.58,Torino
ITC12,2019,23021.56,Vercelli
ITC13,2019,22962.98,Biella
ITC14,2019,19771.99,Verbano -Cusio-Ossola
ITC15,2019,24013.41,Novara
ITC16,2019,22570.9,Cuneo
ITC17,2019,22299.61,Asti
ITC18,2019,22937.99,Alessandria
ITC20,2019,18928.2,Aosta
ITC31,2019,16461.26,Imperia
ITC32,2019,19091.96,Savona
ITC33,2019,23792.04,Genova
ITC34,2019,20188.52,LaSpezia
ITC41,2019,24990.26,Varese
ITC42,2019,23097.06,Como
ITC43,2019,25469.31,Lecco
ITC44,2019,20461.18,Sondrio
ITC46,2019,24534.02,Bergamo
ITC47,2019,22940.53,Brescia
ITC48,2019,21643.42,Pavia
ITC49,2019,24275.79,Lodi
ITC4A,2019,23181.83,Cremona
ITC4B,2019,22677.66,Mantova
ITC4C,2019,30408.12,Milano
ITF11,2019,17535.29,L'Aquila
ITF12,2019,16522.76,Teramo
ITF13,2019,17760.94,Pescara
ITF14,2019,19595.76,Chieti
ITF21,2019,15056.88,Isernia
ITF22,2019,16793.63,Campobasso
ITF31,2019,14732.52,Caserta
ITF32,2019,14116.61,Benevento
ITF33,2019,16952.67,Napoli
ITF34,2019,15587.82,Avellino
ITF35,2019,14015.78,Salerno
ITF43,2019,17165.68,Taranto
ITF44,2019,15974.09,Brindisi
ITF45,2019,13791.45,Lecce
ITF46,2019,14662.8,Foggia
ITF47,2019,16821.77,Bari
ITF51,2019,17245.6,Potenza
ITF52,2019,15105.75,Matera
ITF61,2019,13329.48,Cosenza
ITF62,2019,13691.15,Crotone
ITF63,2019,14847.11,Catanzaro
ITF64,2019,11770.78,ViboValentia
ITF65,2019,15008.78,ReggioCalabria
ITG11,2019,13518.75,Trapani
ITG12,2019,16707.5,Palermo
ITG13,2019,14178.0,Messina
ITG14,2019,14001.58,Agrigento
ITG15,2019,16017.57,Caltanissetta
ITG16,2019,14805.26,Enna
ITG17,2019,16572.42,Catania
ITG18,2019,13714.56,Ragusa
ITG19,2019,16990.3,Siracusa
ITG2D,2019,14928.31,Sassari
ITG2E,2019,13411.71,Nuoro
ITG2F,2019,17546.68,Cagliari
ITG2G,2019,15408.86,Oristano
ITH10,2019,23712.28,ProvinciaAutonoma di Bolzano/Bozen
ITH20,2019,20865.85,ProvinciaAutonoma di Trento
ITH31,2019,22594.28,Verona
ITH32,2019,24095.53,Vicenza
ITH33,2019,22190.07,Belluno
ITH34,2019,23599.82,Treviso
ITH35,2019,21147.99,Venezia
ITH36,2019,23617.9,Padova
ITH37,2019,19874.54,Rovigo
ITH41,2019,23297.9,Pordenone
ITH42,2019,22192.63,Udine
ITH43,2019,21076.37,Gorizia
ITH44,2019,24746.4,Trieste
ITH51,2019,22413.3,Piacenza
ITH52,2019,25786.4,Parma
ITH53,2019,25410.03,ReggioEmilia
ITH54,2019,25762.46,Modena
ITH55,2019,25907.25,Bologna
ITH56,2019,20702.12,Ferrara
ITH57,2019,21356.58,Ravenna
ITH58,2019,20553.42,Forli' -Cesena
ITH59,2019,16212.6,Rimini
ITI11,2019,19229.72,Massa -Carrara
ITI12,2019,20703.18,Lucca
ITI13,2019,19431.86,Pistoia
ITI14,2019,22788.84,Firenze
ITI15,2019,18302.86,Prato
ITI16,2019,19233.11,Livorno
ITI17,2019,21629.17,Pisa
ITI18,2019,20355.6,Arezzo
ITI19,2019,21712.68,Siena
ITI1A,2019,15996.47,Grosseto
ITI21,2019,19351.27,Perugia
ITI22,2019,19744.89,Terni
ITI31,2019,20120.95,Pesaroe Urbino
ITI32,2019,20941.83,Ancona
ITI33,2019,18350.6,Macerata
ITI34,2019,17820.88,AscoliPiceno
ITI41,2019,16530.35,Viterbo
ITI42,2019,16241.47,Rieti
ITI43,2019,23304.54,Roma
ITI44,2019,17645.42,Latina
ITI45,2019,18441.6,Frosinone
ITC11,2020,22972.07,Torino
ITC12,2020,21733.08,Vercelli
ITC13,2020,21165.14,Biella
ITC14,2020,18211.34,Verbano -Cusio-Ossola
ITC15,2020,22576.18,Novara
ITC16,2020,21419.72,Cuneo
ITC17,2020,20924.51,Asti
ITC18,2020,21680.16,Alessandria
ITC20,2020,17665.16,Aosta
ITC31,2020,15273.67,Imperia
ITC32,2020,17926.02,Savona
ITC33,2020,22773.04,Genova
ITC34,2020,18931.89,LaSpezia
ITC41,2020,22788.1,Varese
ITC42,2020,21275.67,Como
ITC43,2020,23621.78,Lecco
ITC44,2020,19342.42,Sondrio
ITC46,2020,22855.12,Bergamo
ITC47,2020,21364.99,Brescia
ITC48,2020,20466.02,Pavia
ITC49,2020,22844.74,Lodi
ITC4A,2020,22154.2,Cremona
ITC4B,2020,21558.71,Mantova
ITC4C,2020,29588.76,Milano
ITF11,2020,16517.54,L'Aquila
ITF12,2020,15239.64,Teramo
ITF13,2020,16528.44,Pescara
ITF14,2020,18272.15,Chieti
ITF21,2020,14249.83,Isernia
ITF22,2020,15949.42,Campobasso
ITF31,2020,13595.36,Caserta
ITF32,2020,12894.32,Benevento
ITF33,2020,15203.11,Napoli
ITF34,2020,14163.13,Avellino
ITF35,2020,12814.96,Salerno
ITF43,2020,15405.98,Taranto
ITF44,2020,14830.81,Brindisi
ITF45,2020,12655.69,Lecce
ITF46,2020,13646.75,Foggia
ITF47,2020,15606.65,Bari
ITF51,2020,16017.06,Potenza
ITF52,2020,13988.15,Matera
ITF61,2020,12100.01,Cosenza
ITF62,2020,12687.22,Crotone
ITF63,2020,13476.55,Catanzaro
ITF64,2020,10894.19,ViboValentia
ITF65,2020,13903.66,ReggioCalabria
ITG11,2020,12058.25,Trapani
ITG12,2020,15312.68,Palermo
ITG13,2020,12766.36,Messina
ITG14,2020,12718.16,Agrigento
ITG15,2020,14857.15,Caltanissetta
ITG16,2020,13649.0,Enna
ITG17,2020,15269.87,Catania
ITG18,2020,12705.8,Ragusa
ITG19,2020,15926.52,Siracusa
ITG2D,2020,13966.39,Sassari
ITG2E,2020,12484.26,Nuoro
ITG2F,2020,16651.87,Cagliari
ITG2G,2020,14694.13,Oristano
ITH10,2020,22370.63,ProvinciaAutonoma di Bolzano/Bozen
ITH20,2020,20092.16,ProvinciaAutonoma di Trento
ITH31,2020,21404.05,Verona
ITH32,2020,22667.6,Vicenza
ITH33,2020,20963.73,Belluno
ITH34,2020,22163.55,Treviso
ITH35,2020,19177.15,Venezia
ITH36,2020,22313.37,Padova
ITH37,2020,18696.8,Rovigo
ITH41,2020,21897.96,Pordenone
ITH42,2020,20936.54,Udine
ITH43,2020,19622.4,Gorizia
ITH44,2020,23848.9,Trieste
ITH51,2020,21228.38,Piacenza
ITH52,2020,24782.71,Parma
ITH53,2020,24010.21,ReggioEmilia
ITH54,2020,24450.31,Modena
ITH55,2020,24633.06,Bologna
ITH56,2020,19320.49,Ferrara
ITH57,2020,20602.05,Ravenna
ITH58,2020,19621.06,Forli' -Cesena
ITH59,2020,14926.25,Rimini
ITI11,2020,17982.71,Massa -Carrara
ITI12,2020,19572.04,Lucca
ITI13,2020,17899.38,Pistoia
ITI14,2020,21055.07,Firenze
ITI15,2020,16276.85,Prato
ITI16,2020,18124.47,Livorno
ITI17,2020,19971.47,Pisa
ITI18,2020,18707.46,Arezzo
ITI19,2020,20411.02,Siena
ITI1A,2020,14818.97,Grosseto
ITI21,2020,18060.12,Perugia
ITI22,2020,18407.41,Terni
ITI31,2020,18676.2,Pesaroe Urbino
ITI32,2020,19538.3,Ancona
ITI33,2020,16921.54,Macerata
ITI34,2020,16332.4,AscoliPiceno
ITI41,2020,15076.75,Viterbo
ITI42,2020,14726.88,Rieti
ITI43,2020,21895.23,Roma
ITI44,2020,16741.89,Latina
ITI45,2020,17062.95,Frosinone
ITC11,2021,24526.6,Torino
ITC12,2021,22956.55,Vercelli
ITC13,2021,22558.91,Biella
ITC14,2021,19499.07,Verbano -Cusio-Ossola
ITC15,2021,23673.88,Novara
ITC16,2021,22632.52,Cuneo
ITC17,2021,22245.3,Asti
ITC18,2021,23215.66,Alessandria
ITC20,2021,18059.42,Aosta
ITC31,2021,16283.12,Imperia
ITC32,2021,18993.75,Savona
ITC33,2021,24087.57,Genova
ITC34,2021,20219.5,LaSpezia
ITC41,2021,24275.63,Varese
ITC42,2021,22719.63,Como
ITC43,2021,25224.35,Lecco
ITC44,2021,20344.23,Sondrio
ITC46,2021,24420.9,Bergamo
ITC47,2021,23017.8,Brescia
ITC48,2021,21760.28,Pavia
ITC49,2021,24217.89,Lodi
ITC4A,2021,23354.8,Cremona
ITC4B,2021,22860.19,Mantova
ITC4C,2021,31232.11,Milano
ITF11,2021,17763.64,L'Aquila
ITF12,2021,16631.84,Teramo
ITF13,2021,17696.71,Pescara
ITF14,2021,19462.61,Chieti
ITF21,2021,15670.53,Isernia
ITF22,2021,16974.43,Campobasso
ITF31,2021,14981.93,Caserta
ITF32,2021,14392.97,Benevento
ITF33,2021,16569.55,Napoli
ITF34,2021,16129.48,Avellino
ITF35,2021,14143.97,Salerno
ITF43,2021,16632.01,Taranto
ITF44,2021,16066.08,Brindisi
ITF45,2021,13956.19,Lecce
ITF46,2021,14856.58,Foggia
ITF47,2021,17034.01,Bari
ITF51,2021,17322.83,Potenza
ITF52,2021,15453.55,Matera
ITF61,2021,13333.33,Cosenza
ITF62,2021,13811.48,Crotone
ITF63,2021,14712.01,Catanzaro
ITF64,2021,12054.19,ViboValentia
ITF65,2021,15251.35,ReggioCalabria
ITG11,2021,13281.87,Trapani
ITG12,2021,16473.52,Palermo
ITG13,2021,13915.81,Messina
ITG14,2021,13820.59,Agrigento
ITG15,2021,16158.89,Caltanissetta
ITG16,2021,14685.44,Enna
ITG17,2021,16388.98,Catania
ITG18,2021,13882.69,Ragusa
ITG19,2021,16676.44,Siracusa
ITG2D,2021,15066.06,Sassari
ITG2E,2021,13487.21,Nuoro
ITG2F,2021,17598.03,Cagliari
ITG2G,2021,15689.14,Oristano
ITH10,2021,23459.55,ProvinciaAutonoma di Bolzano/Bozen
ITH20,2021,20752.51,ProvinciaAutonoma di Trento
ITH31,2021,22756.57,Verona
ITH32,2021,24144.74,Vicenza
ITH33,2021,21780.75,Belluno
ITH34,2021,23802.51,Treviso
ITH35,2021,20486.82,Venezia
ITH36,2021,23819.64,Padova
ITH37,2021,19882.17,Rovigo
ITH41,2021,23491.27,Pordenone
ITH42,2021,22151.14,Udine
ITH43,2021,20894.21,Gorizia
ITH44,2021,24728.65,Trieste
ITH51,2021,22530.98,Piacenza
ITH52,2021,25939.0,Parma
ITH53,2021,25584.1,ReggioEmilia
ITH54,2021,25760.54,Modena
ITH55,2021,25832.66,Bologna
ITH56,2021,20478.27,Ferrara
ITH57,2021,21652.01,Ravenna
ITH58,2021,20835.78,Forli' -Cesena
ITH59,2021,16126.0,Rimini
ITI11,2021,19616.19,Massa -Carrara
ITI12,2021,20724.47,Lucca
ITI13,2021,19311.05,Pistoia
ITI14,2021,22621.25,Firenze
ITI15,2021,17998.65,Prato
ITI16,2021,19126.7,Livorno
ITI17,2021,21472.3,Pisa
ITI18,2021,20261.38,Arezzo
ITI19,2021,21585.7,Siena
ITI1A,2021,15908.12,Grosseto
ITI21,2021,19427.95,Perugia
ITI22,2021,19723.82,Terni
ITI31,2021,20191.59,Pesaroe Urbino
ITI32,2021,20911.05,Ancona
ITI33,2021,18380.7,Macerata
ITI34,2021,17690.07,AscoliPiceno
ITI41,2021,16537.45,Viterbo
ITI42,2021,16476.03,Rieti
ITI43,2021,23048.8,Roma
ITI44,2021,17864.34,Latina
ITI45,2021,18682.8,Frosinone
ITC11,2022,25437.68,Torino
ITC12,2022,23876.82,Vercelli
ITC13,2022,23935.84,Biella
ITC14,2022,20227.55,Verbano -Cusio-Ossola
ITC15,2022,24532.54,Novara
ITC16,2022,23329.9,Cuneo
ITC17,2022,22945.63,Asti
ITC18,2022,23951.1,Alessandria
ITC20,2022,19516.35,Aosta
ITC31,2022,17159.92,Imperia
ITC32,2022,19598.15,Savona
ITC33,2022,24758.25,Genova
ITC34,2022,21040.97,LaSpezia
ITC41,2022,25182.97,Varese
ITC42,2022,23601.06,Como
ITC43,2022,26027.76,Lecco
ITC44,2022,21031.5,Sondrio
ITC46,2022,25265.95,Bergamo
ITC47,2022,23817.53,Brescia
ITC48,2022,22254.99,Pavia
ITC49,2022,24789.06,Lodi
ITC4A,2022,24070.65,Cremona
ITC4B,2022,23541.93,Mantova
ITC4C,2022,33240.45,Milano
ITC4D,2022,27977.52,Monzae della Brianza
ITF11,2022,18806.23,L'Aquila
ITF12,2022,17472.87,Teramo
ITF13,2022,18668.17,Pescara
ITF14,2022,19858.36,Chieti
ITF21,2022,16577.87,Isernia
ITF22,2022,17669.31,Campobasso
ITF31,2022,16071.17,Caserta
ITF32,2022,15448.62,Benevento
ITF33,2022,17816.94,Napoli
ITF34,2022,17245.77,Avellino
ITF35,2022,15179.24,Salerno
ITF43,2022,17570.68,Taranto
ITF44,2022,17023.78,Brindisi
ITF45,2022,15053.43,Lecce
ITF46,2022,15799.11,Foggia
ITF47,2022,18583.7,Bari
ITF48,2022,15163.22,Barletta -Andria-Trani
ITF51,2022,18131.85,Potenza
ITF52,2022,16418.13,Matera
ITF61,2022,14325.84,Cosenza
ITF62,2022,14682.8,Crotone
ITF63,2022,15707.91,Catanzaro
ITF64,2022,12944.11,ViboValentia
ITF65,2022,16081.97,ReggioCalabria
ITG11,2022,14375.15,Trapani
ITG12,2022,17298.0,Palermo
ITG13,2022,15195.43,Messina
ITG14,2022,14968.23,Agrigento
ITG15,2022,17159.41,Caltanissetta
ITG16,2022,15789.86,Enna
ITG17,2022,17556.69,Catania
ITG18,2022,14893.8,Ragusa
ITG19,2022,17615.05,Siracusa
ITG2D,2022,16017.43,Sassari
ITG2E,2022,14159.48,Nuoro
ITG2F,2022,19427.3,Cagliari
ITG2G,2022,16456.94,Oristano
ITG2H,2022,16002.9,SudSardegna
ITH10,2022,24957.01,ProvinciaAutonoma di Bolzano/Bozen
ITH20,2022,21556.55,ProvinciaAutonoma di Trento
ITH31,2022,23476.77,Verona
ITH32,2022,24845.59,Vicenza
ITH33,2022,22942.43,Belluno
ITH34,2022,24535.69,Treviso
ITH35,2022,21729.89,Venezia
ITH36,2022,24621.55,Padova
ITH37,2022,20587.58,Rovigo
ITH41,2022,23979.4,Pordenone
ITH42,2022,22612.57,Udine
ITH43,2022,21390.55,Gorizia
ITH44,2022,25175.27,Trieste
ITH51,2022,23433.71,Piacenza
ITH52,2022,26883.64,Parma
ITH53,2022,26110.56,ReggioEmilia
ITH54,2022,26774.43,Modena
ITH55,2022,26618.82,Bologna
ITH56,2022,21059.95,Ferrara
ITH57,2022,22091.24,Ravenna
ITH58,2022,21397.3,Forli' -Cesena
ITH59,2022,17100.87,Rimini
ITI11,2022,20321.95,Massa -Carrara
ITI12,2022,21268.05,Lucca
ITI13,2022,20286.77,Pistoia
ITI14,2022,23696.83,Firenze
ITI15,2022,19081.14,Prato
ITI16,2022,19786.27,Livorno
ITI17,2022,22484.13,Pisa
ITI18,2022,21285.66,Arezzo
ITI19,2022,22302.06,Siena
ITI1A,2022,16713.64,Grosseto
ITI21,2022,20226.02,Perugia
ITI22,2022,20230.76,Terni
ITI31,2022,20870.14,Pesaroe Urbino
ITI32,2022,21498.11,Ancona
ITI33,2022,19345.39,Macerata
ITI34,2022,19237.09,AscoliPiceno
ITI35,2022,18107.68,Fermo
ITI41,2022,17251.84,Viterbo
ITI42,2022,17726.33,Rieti
ITI43,2022,24278.63,Roma
ITI44,2022,18606.85,Latina
ITI45,2022,19630.62,Frosinone
ITC11,2023,26457.27,Torino
ITC12,2023,24678.26,Vercelli
ITC13,2023,24898.61,Biella
ITC14,2023,20712.21,Verbano -Cusio-Ossola
ITC15,2023,25283.95,Novara
ITC16,2023,24159.03,Cuneo
ITC17,2023,23555.4,Asti
ITC18,2023,24683.67,Alessandria
ITC20,2023,19923.67,Aosta
ITC31,2023,17692.24,Imperia
ITC32,2023,20118.63,Savona
ITC33,2023,25588.81,Genova
ITC34,2023,21894.53,LaSpezia
ITC41,2023,26061.11,Varese
ITC42,2023,24245.5,Como
ITC43,2023,26769.44,Lecco
ITC44,2023,21780.94,Sondrio
ITC46,2023,26087.89,Bergamo
ITC47,2023,24589.58,Brescia
ITC48,2023,22878.5,Pavia
ITC49,2023,25456.03,Lodi
ITC4A,2023,24749.21,Cremona
ITC4B,2023,24361.18,Mantova
ITC4C,2023,34356.26,Milano
ITC4D,2023,28836.7,Monzae della Brianza
ITF11,2023,19579.61,L'Aquila
ITF12,2023,18206.35,Teramo
ITF13,2023,19470.36,Pescara
ITF14,2023,20795.47,Chieti
ITF21,2023,17206.49,Isernia
ITF22,2023,18572.76,Campobasso
ITF31,2023,16655.97,Caserta
ITF32,2023,15986.65,Benevento
ITF33,2023,18412.4,Napoli
ITF34,2023,18041.84,Avellino
ITF35,2023,15856.83,Salerno
ITF43,2023,18221.14,Taranto
ITF44,2023,17622.53,Brindisi
ITF45,2023,15686.31,Lecce
ITF46,2023,16293.62,Foggia
ITF47,2023,19383.39,Bari
ITF48,2023,15684.94,Barletta -Andria-Trani
ITF51,2023,19472.98,Potenza
ITF52,2023,17008.04,Matera
ITF61,2023,14822.13,Cosenza
ITF62,2023,15000.88,Crotone
ITF63,2023,15986.55,Catanzaro
ITF64,2023,13404.7,ViboValentia
ITF65,2023,16414.55,ReggioCalabria
ITG11,2023,14863.37,Trapani
ITG12,2023,17917.66,Palermo
ITG13,2023,15718.83,Messina
ITG14,2023,15221.24,Agrigento
ITG15,2023,18085.47,Caltanissetta
ITG16,2023,16327.96,Enna
ITG17,2023,18224.75,Catania
ITG18,2023,15595.25,Ragusa
ITG19,2023,18234.71,Siracusa
ITG2D,2023,16632.0,Sassari
ITG2E,2023,14704.42,Nuoro
ITG2F,2023,20232.6,Cagliari
ITG2G,2023,17172.95,Oristano
ITG2H,2023,16603.12,SudSardegna
ITH10,2023,26020.04,ProvinciaAutonoma di Bolzano/Bozen
ITH20,2023,22435.53,ProvinciaAutonoma di Trento
ITH31,2023,24240.03,Verona
ITH32,2023,25653.81,Vicenza
ITH33,2023,23777.22,Belluno
ITH34,2023,25356.54,Treviso
ITH35,2023,22470.06,Venezia
ITH36,2023,25492.57,Padova
ITH37,2023,21240.89,Rovigo
ITH41,2023,24688.31,Pordenone
ITH42,2023,23672.4,Udine
ITH43,2023,22258.74,Gorizia
ITH44,2023,25925.14,Trieste
ITH51,2023,24417.99,Piacenza
ITH52,2023,27876.02,Parma
ITH53,2023,26936.96,ReggioEmilia
ITH54,2023,27670.37,Modena
ITH55,2023,27633.17,Bologna
ITH56,2023,21604.74,Ferrara
ITH57,2023,23082.34,Ravenna
ITH58,2023,22060.12,Forli' -Cesena
ITH59,2023,17814.94,Rimini
ITI11,2023,20930.64,Massa -Carrara
ITI12,2023,22099.81,Lucca
ITI13,2023,21045.47,Pistoia
ITI14,2023,24524.39,Firenze
ITI15,2023,19664.82,Prato
ITI16,2023,20410.16,Livorno
ITI17,2023,23216.53,Pisa
ITI18,2023,22143.91,Arezzo
ITI19,2023,23057.26,Siena
ITI1A,2023,17282.91,Grosseto
ITI21,2023,21013.07,Perugia
ITI22,2023,20924.43,Terni
ITI31,2023,21639.59,Pesaroe Urbino
ITI32,2023,22177.02,Ancona
ITI33,2023,19925.04,Macerata
ITI34,2023,19816.68,AscoliPiceno
ITI35,2023,18910.24,Fermo
ITI41,2023,17740.99,Viterbo
ITI42,2023,18493.77,Rieti
ITI43,2023,25299.88,Roma
ITI44,2023,19345.65,Latina
ITI45,2023,20356.09,Frosinone
