nuts3,year,price_eur_m2
NL114,2019,1110.775914
NL112,2019,980.323676
NL115,2019,1520.386576
NL127,2019,1245.137708
NL128,2019,1387.112158
NL126,2019,1402.191931
NL131,2019,1461.357097
NL132,2019,1217.607748
NL133,2019,1459.620116
NL211,2019,1669.496266
NL212,2019,1704.204376
NL213,2019,1547.208137
NL221,2019,2052.975977
NL225,2019,1519.929332
NL226,2019,1828.062518
NL224,2019,1743.275954
NL350,2019,2525.169010
NL321,2019,1641.149125
NL328,2019,2140.123622
NL323,2019,2291.129579
NL32A,2019,3297.858600
NL325,2019,2153.934795
NL32B,2019,3808.637206
NL327,2019,2839.818735
NL363,2019,2563.384892
NL361,2019,2361.982608
NL362,2019,2288.335369
NL365,2019,2008.769805
NL366,2019,1965.006401
NL364,2019,1826.357743
NL341,2019,1369.562064
NL342,2019,1596.252579
NL411,2019,1853.407746
NL415,2019,1825.038341
NL416,2019,1892.457685
NL414,2019,1916.800351
NL421,2019,1471.008996
NL422,2019,1423.598028
NL423,2019,1358.255813
NL230,2019,1718.944228
NL114,2020,1174.450967
NL112,2020,1050.346796
NL115,2020,1624.963431
NL127,2020,1317.110985
NL128,2020,1458.412316
NL126,2020,1506.315095
NL131,2020,1547.319279
NL132,2020,1293.708232
NL133,2020,1541.852235
NL211,2020,1769.380658
NL212,2020,1825.933260
NL213,2020,1641.638680
NL221,2020,2189.336005
NL225,2020,1606.213529
NL226,2020,1962.595257
NL224,2020,1858.142975
NL350,2020,2734.900656
NL321,2020,1759.965352
NL328,2020,2337.673495
NL323,2020,2500.206042
NL32A,2020,3615.299535
NL325,2020,2413.892442
NL32B,2020,4218.632146
NL327,2020,3067.948218
NL363,2020,2815.378661
NL361,2020,2608.615330
NL362,2020,2539.603566
NL365,2020,2153.982080
NL366,2020,2198.935735
NL364,2020,1980.697834
NL341,2020,1433.760286
NL342,2020,1672.264606
NL411,2020,1972.982439
NL415,2020,1961.348259
NL416,2020,2009.022108
NL414,2020,2052.187736
NL421,2020,1562.133447
NL422,2020,1511.785517
NL423,2020,1468.384663
NL230,2020,1900.300729
NL114,2021,1273.501048
NL112,2021,1155.381476
NL115,2021,1753.673405
NL127,2021,1417.873574
NL128,2021,1555.639804
NL126,2021,1638.204435
NL131,2021,1653.118887
NL132,2021,1383.645168
NL133,2021,1637.789707
NL211,2021,1883.534249
NL212,2021,1962.878255
NL213,2021,1757.860888
NL221,2021,2325.696033
NL225,2021,1705.772219
NL226,2021,2112.955377
NL224,2021,1986.523762
NL350,2021,2927.853769
NL321,2021,1893.633606
NL328,2021,2502.298389
NL323,2021,2683.147948
NL32A,2021,3853.380236
NL325,2021,2645.997485
NL32B,2021,4358.893573
NL327,2021,3288.211167
NL363,2021,3015.235788
NL361,2021,2817.304557
NL362,2021,2746.002443
NL365,2021,2315.329052
NL366,2021,2404.793548
NL364,2021,2152.186823
NL341,2021,1519.357915
NL342,2021,1778.681445
NL411,2021,2107.503969
NL415,2021,2112.803723
NL416,2021,2105.016339
NL414,2021,2180.449470
NL421,2021,1653.257899
NL422,2021,1593.673899
NL423,2021,1563.829666
NL230,2021,2065.887100
NL114,2022,1436.226182
NL112,2022,1274.420779
NL115,2022,1946.738367
NL127,2022,1597.806769
NL128,2022,1698.240119
NL126,2022,1797.859952
NL131,2022,1838.268203
NL132,2022,1542.764362
NL133,2022,1788.548592
NL211,2022,2076.168434
NL212,2022,2191.119912
NL213,2022,1968.513639
NL221,2022,2545.387190
NL225,2022,1878.340615
NL226,2022,2358.279785
NL224,2022,2189.230268
NL350,2022,3204.699541
NL321,2022,2116.414031
NL328,2022,2741.004486
NL323,2022,2979.339605
NL32A,2022,4188.456779
NL325,2022,2924.523536
NL32B,2022,4553.101702
NL327,2022,3618.605590
NL363,2022,3301.987319
NL361,2022,3082.909027
NL362,2022,3015.218369
NL365,2022,2565.416860
NL366,2022,2676.151575
NL364,2022,2349.399162
NL341,2022,1662.020630
NL342,2022,1938.306703
NL411,2022,2286.866009
NL415,2022,2309.695826
NL416,2022,2310.718261
NL414,2022,2401.344678
NL421,2022,1763.909018
NL422,2022,1681.861387
NL423,2022,1673.958515
NL230,2022,2302.439058
NL114,2023,1698.001398
NL112,2023,1491.492450
NL115,2023,2276.557677
NL127,2023,1828.121258
NL128,2023,1951.031587
NL126,2023,2089.404809
NL131,2023,2122.604652
NL132,2023,1784.902267
NL133,2023,2069.508333
NL211,2023,2375.821610
NL212,2023,2579.130730
NL213,2023,2309.916373
NL221,2023,2999.920616
NL225,2023,2210.202914
NL226,2023,2761.878003
NL224,2023,2540.588213
NL350,2023,3750.001819
NL321,2023,2450.584667
NL328,2023,3226.647923
NL323,2023,3484.607725
NL32A,2023,4770.431826
NL325,2023,3453.723033
NL32B,2023,5362.302242
NL327,2023,4129.930293
NL363,2023,3753.838215
NL361,2023,3547.716849
NL362,2023,3383.146801
NL365,2023,2992.986336
NL366,2023,3106.581549
NL364,2023,2760.972738
NL341,2023,1876.014703
NL342,2023,2196.747597
NL411,2023,2585.802742
NL415,2023,2658.043393
NL416,2023,2674.124990
NL414,2023,2736.250315
NL421,2023,2050.300150
NL422,2023,1984.218490
NL423,2023,1952.951601
NL230,2023,2736.117647
NL114,2024,1789.976474
NL112,2024,1603.529442
NL115,2024,2348.957038
NL127,2024,1936.081175
NL128,2024,2041.777242
NL126,2024,2158.820251
NL131,2024,2208.566834
NL132,2024,1854.084525
NL133,2024,2172.298482
NL211,2024,2497.109800
NL212,2024,2723.683780
NL213,2024,2433.402469
NL221,2024,3113.553973
NL225,2024,2303.124358
NL226,2024,2888.497052
NL224,2024,2682.482767
NL350,2024,3775.169617
NL321,2024,2554.548865
NL328,2024,3399.504062
NL323,2024,3502.030763
NL32A,2024,4752.796218
NL325,2024,3620.838664
NL32B,2024,5254.408837
NL327,2024,4263.661369
NL363,2024,3832.043178
NL361,2024,3623.603841
NL362,2024,3535.702492
NL365,2024,3122.063914
NL366,2024,3265.653495
NL364,2024,2915.312829
NL341,2024,1968.745467
NL342,2024,2394.378868
NL411,2024,2690.430599
NL415,2024,2764.062218
NL416,2024,2783.832682
NL414,2024,2828.883789
NL421,2024,2089.353486
NL422,2024,1996.816703
NL423,2024,1938.267755
NL230,2024,2846.508561
NL114,2025,1881.951549
NL112,2025,1750.577993
NL115,2025,2485.711386
NL127,2025,2044.041092
NL128,2025,2164.932060
NL126,2025,2200.469516
NL131,2025,2327.591394
NL132,2025,1957.857913
NL133,2025,2281.941308
NL211,2025,2646.936388
NL212,2025,2868.236829
NL213,2025,2491.513573
NL221,2025,3242.338444
NL225,2025,2402.683048
NL226,2025,3023.029791
NL224,2025,2871.675506
NL350,2025,4026.847591
NL321,2025,2680.791105
NL328,2025,3588.822690
NL323,2025,3650.126592
NL32A,2025,4937.970097
NL325,2025,3648.691269
NL32B,2025,5491.774328
NL327,2025,4389.525912
NL363,2025,4023.210865
NL361,2025,3832.293067
NL362,2025,3697.232047
NL365,2025,3283.410886
NL366,2025,3359.225229
NL364,2025,3103.950717
NL341,2025,2061.476232
NL342,2025,2523.599315
NL411,2025,2862.319220
NL415,2025,2885.226589
NL416,2025,2927.824028
NL414,2025,3007.025086
NL421,2025,2271.602388
NL422,2025,2154.294361
NL423,2025,2085.106221
NL230,2025,2988.439736
NL114,2026,2115.426741
NL112,2026,1946.642729
NL115,2026,2751.175709
NL127,2026,2216.776959
NL128,2026,2352.905203
NL126,2026,2492.014373
NL131,2026,2585.477940
NL132,2026,2158.486462
NL133,2026,2514.932312
NL211,2026,2946.589564
NL212,2026,3195.383205
NL213,2026,2731.221875
NL221,2026,3583.238514
NL225,2026,2668.172888
NL226,2026,3363.318485
NL224,2026,3175.735266
NL350,2026,4479.867945
NL321,2026,2955.553629
NL328,2026,3893.378744
NL323,2026,4007.298883
NL32A,2026,5343.589069
NL325,2026,3945.785723
NL32B,2026,6063.609376
NL327,2026,4719.920335
NL363,2026,4457.682880
NL361,2026,4135.841033
NL362,2026,4101.055936
NL365,2026,3710.980363
NL366,2026,3696.083469
NL364,2026,3412.630899
NL341,2026,2197.005811
NL342,2026,2698.426978
NL411,2026,3146.309117
NL415,2026,3188.137517
NL416,2026,3250.090373
NL414,2026,3349.056375
NL421,2026,2538.466852
NL422,2026,2437.754145
NL423,2026,2312.705844
NL230,2026,3272.302085
