nuts2,year,avg_annual_wage
NL11,2000,25974.749350
NL11,2001,27720.947725
NL11,2002,28982.797307
NL11,2003,29844.329133
NL11,2004,30763.157895
NL11,2005,30875.748503
NL11,2006,31363.128492
NL11,2007,32068.206821
NL11,2008,33459.577567
NL11,2009,34608.887257
NL11,2010,33409.586057
NL11,2011,33858.578607
NL11,2012,34627.408215
NL11,2013,35117.733628
NL11,2014,35335.051546
NL11,2015,35757.132407
NL11,2016,36198.788742
NL11,2017,36371.191136
NL11,2018,37251.882272
NL11,2019,38243.967828
NL11,2020,40006.718173
NL11,2021,40722.970753
NL11,2022,42408.629850
NL11,2023,44571.972099
NL12,2000,23322.463768
NL12,2001,25044.052863
NL12,2002,25785.273848
NL12,2003,26555.075594
NL12,2004,27153.707052
NL12,2005,27319.771592
NL12,2006,27859.174964
NL12,2007,28902.439024
NL12,2008,30079.474775
NL12,2009,31063.380282
NL12,2010,29642.739001
NL12,2011,30029.440628
NL12,2012,30161.769561
NL12,2013,30412.546880
NL12,2014,30384.875084
NL12,2015,30795.493342
NL12,2016,31428.092524
NL12,2017,31712.396694
NL12,2018,32675.509544
NL12,2019,33918.276845
NL12,2020,35389.467045
NL12,2021,35959.158416
NL12,2022,37312.032919
NL12,2023,39382.642410
NL13,2000,23711.832061
NL13,2001,24719.363891
NL13,2002,25682.125169
NL13,2003,26630.086877
NL13,2004,27507.002801
NL13,2005,27257.694074
NL13,2006,27464.979666
NL13,2007,28602.388324
NL13,2008,30081.685297
NL13,2009,30597.414177
NL13,2010,29420.798596
NL13,2011,30312.637605
NL13,2012,30980.735552
NL13,2013,31458.241273
NL13,2014,31931.918656
NL13,2015,32360.303979
NL13,2016,32723.174031
NL13,2017,32603.706973
NL13,2018,33800.433839
NL13,2019,34813.084112
NL13,2020,36434.373664
NL13,2021,37007.115948
NL13,2022,38255.197717
NL13,2023,40999.194198
NL21,2000,25195.349724
NL21,2001,26751.385439
NL21,2002,27695.075758
NL21,2003,28796.507213
NL21,2004,29509.237875
NL21,2005,29564.393939
NL21,2006,29914.275065
NL21,2007,30699.351118
NL21,2008,32183.928571
NL21,2009,33306.695081
NL21,2010,32067.546717
NL21,2011,32446.664409
NL21,2012,33123.297003
NL21,2013,33579.476512
NL21,2014,33636.047925
NL21,2015,34129.942519
NL21,2016,34835.576759
NL21,2017,34932.208995
NL21,2018,35653.358987
NL21,2019,36609.159348
NL21,2020,38777.902682
NL21,2021,39702.306733
NL21,2022,41346.996766
NL21,2023,43457.415128
NL22,2000,25842.168543
NL22,2001,26774.400000
NL22,2002,27788.125728
NL22,2003,28673.619890
NL22,2004,29337.181954
NL22,2005,29536.185948
NL22,2006,29993.808688
NL22,2007,30746.030161
NL22,2008,32181.300334
NL22,2009,33007.758106
NL22,2010,32429.924797
NL22,2011,32883.855422
NL22,2012,33408.540719
NL22,2013,33960.718516
NL22,2014,34444.444444
NL22,2015,34576.842941
NL22,2016,35173.662068
NL22,2017,35473.089446
NL22,2018,36308.611993
NL22,2019,37476.260044
NL22,2020,38845.383355
NL22,2021,39594.485722
NL22,2022,40949.118948
NL22,2023,43152.806297
NL23,2000,23578.181818
NL23,2001,25066.387142
NL23,2002,25944.827586
NL23,2003,26816.655473
NL23,2004,27455.268390
NL23,2005,27898.503578
NL23,2006,28442.211055
NL23,2007,29267.857143
NL23,2008,30635.568513
NL23,2009,31420.118343
NL23,2010,30715.512307
NL23,2011,31676.234214
NL23,2012,31171.830986
NL23,2013,31567.164179
NL23,2014,32346.760070
NL23,2015,32697.290931
NL23,2016,33560.517039
NL23,2017,33532.763533
NL23,2018,34424.972618
NL23,2019,35656.132833
NL23,2020,36299.629434
NL23,2021,37004.632012
NL23,2022,38479.159404
NL23,2023,41337.266470
NL32,2000,29382.545932
NL32,2001,30582.498855
NL32,2002,32122.715405
NL32,2003,33086.063152
NL32,2004,34028.567650
NL32,2005,34382.703843
NL32,2006,34677.678514
NL32,2007,35690.607735
NL32,2008,37133.382918
NL32,2009,37612.802983
NL32,2010,39515.202923
NL32,2011,40209.565441
NL32,2012,40882.806476
NL32,2013,41569.385388
NL32,2014,42372.489895
NL32,2015,41596.581408
NL32,2016,42754.509324
NL32,2017,43663.806037
NL32,2018,44798.305183
NL32,2019,46606.504342
NL32,2020,48118.834595
NL32,2021,50191.696915
NL32,2022,52403.466868
NL32,2023,55899.104096
NL34,2000,25033.929673
NL34,2001,25311.942959
NL34,2002,26095.183486
NL34,2003,27575.057737
NL34,2004,28394.332940
NL34,2005,28545.994065
NL34,2006,29230.769231
NL34,2007,29941.995360
NL34,2008,31533.180778
NL34,2009,32419.354839
NL34,2010,31298.050139
NL34,2011,31879.120879
NL34,2012,32356.864925
NL34,2013,32692.307692
NL34,2014,33144.154370
NL34,2015,33160.886868
NL34,2016,33656.338028
NL34,2017,34466.778336
NL34,2018,35119.305857
NL34,2019,36092.014807
NL34,2020,37974.276527
NL34,2021,38320.126783
NL34,2022,39671.035723
NL34,2023,41348.484848
NL35,2000,30588.986659
NL35,2001,30886.280858
NL35,2002,32450.223486
NL35,2003,33423.273834
NL35,2004,34104.981706
NL35,2005,34403.286450
NL35,2006,34698.550332
NL35,2007,35725.869736
NL35,2008,36885.267106
NL35,2009,37768.372451
NL35,2010,39187.742540
NL35,2011,39620.556517
NL35,2012,40503.127912
NL35,2013,41108.591249
NL35,2014,41331.463675
NL35,2015,41230.419065
NL35,2016,42261.353105
NL35,2017,42890.136532
NL35,2018,43815.121891
NL35,2019,45073.217960
NL35,2020,47214.182344
NL35,2021,48427.376605
NL35,2022,50179.379370
NL35,2023,53331.464454
NL36,2000,29305.968443
NL36,2001,29827.348447
NL36,2002,31091.337203
NL36,2003,32125.207756
NL36,2004,33040.840402
NL36,2005,33550.963418
NL36,2006,33729.972111
NL36,2007,34755.345176
NL36,2008,36078.615369
NL36,2009,36961.978590
NL36,2010,37984.652226
NL36,2011,38843.823353
NL36,2012,39169.949661
NL36,2013,39489.321678
NL36,2014,40045.575811
NL36,2015,40169.960693
NL36,2016,40500.542299
NL36,2017,40716.034923
NL36,2018,41540.498442
NL36,2019,42591.972396
NL36,2020,44003.038744
NL36,2021,44892.233835
NL36,2022,46590.298908
NL36,2023,49170.434534
NL41,2000,27027.630708
NL41,2001,27892.689253
NL41,2002,29083.534137
NL41,2003,30220.029122
NL41,2004,30942.182410
NL41,2005,31234.587930
NL41,2006,31783.715614
NL41,2007,32512.820513
NL41,2008,34003.150315
NL41,2009,34754.808789
NL41,2010,34360.569715
NL41,2011,34929.567023
NL41,2012,35842.379182
NL41,2013,36531.630262
NL41,2014,36916.981132
NL41,2015,36719.228757
NL41,2016,37569.536424
NL41,2017,38043.322335
NL41,2018,39031.941720
NL41,2019,40365.018491
NL41,2020,41876.464911
NL41,2021,42856.468048
NL41,2022,44654.702289
NL41,2023,47244.140247
NL42,2000,25891.719745
NL42,2001,27024.962742
NL42,2002,28157.943751
NL42,2003,28932.835821
NL42,2004,29675.655289
NL42,2005,30003.801559
NL42,2006,30263.256863
NL42,2007,30919.665576
NL42,2008,32480.786416
NL42,2009,33472.704035
NL42,2010,33062.432723
NL42,2011,33665.246716
NL42,2012,34157.142857
NL42,2013,34834.725754
NL42,2014,35255.847953
NL42,2015,35026.416469
NL42,2016,35939.754690
NL42,2017,36280.541396
NL42,2018,37332.644984
NL42,2019,37796.695887
NL42,2020,39804.936993
NL42,2021,40484.476288
NL42,2022,41973.719406
NL42,2023,44072.547403
NLZZ,2000,50344.827586
NLZZ,2001,52068.965517
NLZZ,2002,52000.000000
NLZZ,2003,56896.551724
NLZZ,2004,57333.333333
NLZZ,2005,57096.774194
NLZZ,2006,63750.000000
NLZZ,2007,65757.575758
NLZZ,2008,67575.757576
NLZZ,2009,69090.909091
NLZZ,2010,70909.090909
NLZZ,2011,78387.096774
NLZZ,2012,80000.000000
NLZZ,2013,82352.941176
NLZZ,2014,84193.548387
NLZZ,2015,80645.161290
NLZZ,2016,85333.333333
NLZZ,2017,81379.310345
NLZZ,2018,88888.888889
NLZZ,2019,96086.956522
NLZZ,2020,98421.052632
NLZZ,2021,97777.777778
NLZZ,2022,98994.974874
NLZZ,2023,98421.052632
