nuts3,area_km2
PT111,2187.000000
PT112,1232.000000
PT119,1446.000000
PT11A,2027.000000
PT11B,2890.000000
PT11C,1812.000000
PT11D,3977.000000
PT11E,5508.000000
PT150,4933.000000
PT16B,2208.000000
PT16D,1641.000000
PT16E,4296.000000
PT16F,2444.000000
PT16G,3229.000000
PT16H,4583.000000
PT16I,3302.000000
PT16J,6287.000000
PT170,2810.000000
PT181,5170.000000
PT184,8414.000000
PT185,4238.000000
PT186,6020.000000
PT187,7201.000000
PT191,1645.000000
PT192,4296.000000
PT193,2444.000000
PT194,3225.000000
PT195,5211.000000
PT196,6290.000000
PT1A0,1322.000000
PT1B0,1509.000000
PT1C1,5174.000000
PT1C2,8410.000000
PT1C3,6019.000000
PT1C4,7197.000000
PT1D1,2208.000000
PT1D2,2674.000000
PT1D3,4238.000000
PT200,2304.000000
PT300,799.000000
